Drug_ID,SMILES,Y,MW,LogP,TPSA,HBA,HBD,NumRotatableBonds,NumAromaticRings,FractionCSP3,NumHeavyAtoms,NumRings
CHEMBL1754,CCN1CC(CCN2CCOCC2)C(c2ccccc2)(c2ccccc2)C1=O,4.1,378.5160000000001,3.173300000000001,32.78,3,0,6,2,0.4583333333333333,28,4
CHEMBL1484,COC(=O)C1=C(C)NC(C)=C(C(=O)OCCN(C)Cc2ccccc2)C1c1cccc([N+](=O)[O-])c1,4.1,479.5330000000002,3.677800000000002,111.00999999999999,8,1,9,2,0.3076923076923077,35,3
CHEMBL478,Clc1cccc(N2CCNCC2)c1,4.7,196.68099999999998,1.7495999999999998,15.27,2,1,1,1,0.4,13,2
CHEMBL1097,CCN(CC)CCNC(=O)c1ccc(NC(C)=O)cc1,6.4,277.368,1.7165999999999995,61.440000000000005,3,2,7,1,0.4666666666666667,20,1
CHEMBL517712,CN1[C@H]2CC[C@@H]1C[C@H](OC(=O)C(CO)c1ccccc1)C2,4.1,289.37500000000006,1.9308999999999996,49.769999999999996,4,1,4,1,0.5882352941176471,21,3
CHEMBL469,O=C(c1ccccc1)c1ccc2n1CCC2C(=O)O,5.1,255.27299999999997,2.291,59.3,3,1,3,2,0.2,19,3
CHEMBL521589,CN(C)C(=O)Oc1cc(OC(=O)N(C)C)cc(C(O)CNC(C)(C)C)c1,2.6,367.4460000000001,2.2288999999999994,91.34,6,2,5,1,0.5555555555555556,26,1
CHEMBL185,O=c1[nH]cc(F)c(=O)[nH]1,0.12,130.078,-0.7977000000000001,65.72,2,2,0,1,0.0,9,1
CHEMBL1055,NS(=O)(=O)c1cc(C2(O)NC(=O)c3ccccc32)ccc1Cl,36.0,338.77200000000005,0.9242000000000001,109.49000000000001,4,3,2,2,0.07142857142857142,22,3
CHEMBL1747,NC[C@H]1O[C@H](O[C@@H]2[C@@H](N)C[C@@H](N)[C@H](O[C@H]3O[C@H](CO)[C@@H](O)[C@H](N)[C@H]3O)[C@H]2O)[C@H](N)C[C@@H]1O,2.0,467.52000000000015,-6.295799999999999,268.17,14,10,6,0,1.0,32,3
CHEMBL571,CC(C(=O)O)c1cccc(C(=O)c2ccccc2)c1,2.1,254.285,3.1057000000000015,54.37,2,1,4,2,0.125,19,2
CHEMBL631,CCCNCC(O)COc1ccccc1C(=O)CCc1ccccc1,2.1,341.4510000000001,3.2414000000000023,58.559999999999995,4,2,11,2,0.38095238095238093,25,2
CHEMBL296035,CCc1cccc2cc(C(O)CNC(C)(C)C)oc12,2.3,261.36499999999995,3.4167000000000014,45.4,3,2,4,2,0.5,19,2
CHEMBL1496,CC(C)c1nc(N(C)S(C)(=O)=O)nc(-c2ccc(F)cc2)c1/C=C/[C@@H](O)C[C@@H](O)CC(=O)O,2.0,481.5460000000002,2.4017,140.92,7,3,10,2,0.4090909090909091,33,2
CHEMBL108111,N=C(N)c1ccc(C(=O)N[C@@H](Cc2ccc(O)cc2)C(=O)N2CCC(OCC(=O)O)CC2)cc1,2.1,468.51000000000033,1.1095700000000002,166.04,6,5,9,2,0.3333333333333333,34,3
CHEMBL84,CC[C@@]1(O)C(=O)OCc2c1cc1n(c2=O)Cc2cc3c(CN(C)C)c(O)ccc3nc2-1,2.3,421.4530000000002,1.8468000000000002,104.89,8,2,3,3,0.34782608695652173,31,5
CHEMBL1504,CC1(C)O[C@@H]2C[C@H]3[C@@H]4CCC5=CC(=O)C=C[C@]5(C)[C@@]4(F)[C@@H](O)C[C@]3(C)[C@]2(C(=O)CO)O1,2.4,434.50400000000025,2.4188000000000005,93.06,6,2,2,0,0.75,31,5
CHEMBL266195,C=CCc1ccccc1OCC(O)CNC(C)C,2.5,249.35399999999996,2.1528,41.49,3,2,8,1,0.4666666666666667,18,1
CHEMBL646,Cc1nnc2n1-c1ccc(Cl)cc1C(c1ccccc1Cl)=NC2,2.7,343.21700000000004,4.233520000000002,43.07,4,0,1,3,0.11764705882352941,23,4
CHEMBL56564,CN1[C@H]2CC[C@@H]1C[C@H](OC(=O)c1c[nH]c3ccccc13)C2,5.6,284.3590000000001,2.9499000000000013,45.33,3,1,2,2,0.47058823529411764,21,4
CHEMBL297302,O=C(CCCN1CCC(n2c(O)nc3ccccc32)CC1)c1ccc(F)cc1,5.8,381.4510000000002,4.181000000000004,58.36,5,1,6,3,0.36363636363636365,28,4
CHEMBL434,CC(C)NCC(O)c1ccc(O)c(O)c1,0.41,211.261,1.1291999999999998,72.72,4,4,4,1,0.45454545454545453,15,1
CHEMBL526,CC(C)c1cccc(C(C)C)c1O,3.2,178.27499999999995,3.6390000000000025,20.23,1,1,2,1,0.5,13,1
CHEMBL135400,CN1CCN(C(=O)OC2c3nccnc3C(=O)N2c2ccc(Cl)cn2)CC1,5.2,388.8150000000001,1.5679999999999998,91.75999999999999,7,0,2,2,0.35294117647058826,27,4
CHEMBL459,C[C@](N)(Cc1ccc(O)c(O)c1)C(=O)O,5.9,211.21699999999998,0.4423000000000001,103.78000000000002,4,4,3,1,0.3,15,1
CHEMBL54,O=C(CCCN1CCC(O)(c2ccc(Cl)cc2)CC1)c1ccc(F)cc1,35.0,375.87100000000015,4.425600000000004,40.540000000000006,3,1,6,2,0.38095238095238093,26,3
CHEMBL417,COc1cccc2c1C(=O)c1c(O)c3c(c(O)c1C2=O)C[C@@](O)(C(=O)CO)C[C@@H]3O[C@H]1C[C@H](N)[C@@H](O)[C@H](C)O1,36.0,543.5250000000003,0.0012999999999993017,206.07,12,6,5,2,0.4444444444444444,39,5
CHEMBL674,CCC(CC)O[C@@H]1C=C(C(=O)O)C[C@H](N)[C@H]1NC(C)=O,1.8,284.356,0.8069000000000008,101.65,4,3,6,0,0.7142857142857143,20,1
CHEMBL27,CC(C)NCC(O)COc1cccc2ccccc12,3.4,259.34900000000005,2.5775000000000006,41.489999999999995,3,2,6,2,0.375,19,2
CHEMBL1095284,N[C@@H](C(=O)N[C@@H]1C(=O)N2C(C(=O)O)=C(CSc3c[nH]nn3)CS[C@H]12)c1ccc(O)cc1,1.2,462.5130000000001,0.041000000000000425,174.53,9,5,7,2,0.2777777777777778,31,4
CHEMBL7413,C=CCC1(C(C)C#CCC)C(=O)NC(=O)N(C)C1=O,1.6,262.30899999999997,1.3066,66.48,3,1,3,0,0.5,19,1
CHEMBL1614640,Cn1cc(NC(=O)Nc2cc(C(=O)Nc3cc(C(=O)Nc4ccc5cc(S(=O)(=O)O)cc(S(=O)(=O)O)c5c4)n(C)c3)n(C)c2)cc1C(=O)Nc1cc(C(=O)Nc2ccc3cc(S(=O)(=O)O)cc(S(=O)(=O)O)c3c2)n(C)c1,730.0,1121.136,4.987000000000004,394.72999999999996,17,10,14,8,0.08888888888888889,76,8
CHEMBL1073,Cc1cnc(C(=O)NCCc2ccc(S(=O)(=O)NC(=O)NC3CCCCC3)cc2)cn1,3.3,445.54500000000024,2.0781199999999993,130.14999999999998,6,3,7,2,0.42857142857142855,31,3
CHEMBL897,CCCN(CCC)S(=O)(=O)c1ccc(C(=O)O)cc1,5.9,285.36499999999995,2.1955,74.68,3,1,7,1,0.46153846153846156,19,1
CHEMBL280481,CN(C)C(=O)CCS[C@H](SCCC(=O)O)c1cccc(/C=C/c2ccc3ccc(Cl)cc3n2)c1,2.3,515.1000000000001,6.476600000000006,70.5,5,1,11,3,0.2692307692307692,34,3
CHEMBL643,CC(CN1c2ccccc2Sc2ccccc21)N(C)C,14.0,284.428,4.239400000000003,6.48,3,0,3,2,0.29411764705882354,20,3
CHEMBL1565476,CCCC1C(=O)N2C(N(C)C)=Nc3ccc(C)cc3N2C1=O,17.0,300.3620000000001,2.0642199999999997,56.220000000000006,4,0,2,1,0.4375,22,3
CHEMBL1471,C[C@@H](O[C@H]1OCCN(Cc2n[nH]c(=O)[nH]2)[C@H]1c1ccc(F)cc1)c1cc(C(F)(F)F)cc(C(F)(F)F)c1,13.0,534.4320000000001,4.952100000000003,83.24000000000001,5,2,6,3,0.391304347826087,37,4
CHEMBL192,CCCc1nn(C)c2c(=O)[nH]c(-c3cc(S(=O)(=O)N4CCN(C)CC4)ccc3OCC)nc12,3.9,474.5870000000004,1.6109,113.41999999999999,8,1,7,3,0.5,33,4
CHEMBL551786,Cc1cccc(C)c1NC(=O)NCCCNC(C)C,5.0,263.385,2.813040000000001,53.160000000000004,2,3,6,1,0.5333333333333333,19,1
CHEMBL826,CCn1cc(C(=O)O)c(=O)c2cc(F)c(N3CCNCC3)nc21,5.1,320.324,0.6633000000000002,87.46000000000001,6,2,3,2,0.4,23,3
CHEMBL852,N[C@@H](Cc1ccc(N(CCCl)CCCl)cc1)C(=O)O,1.0,305.205,1.925,66.56,3,2,8,1,0.46153846153846156,19,1
CHEMBL1213252,O=C(O)C1N=C(c2ccccc2)c2cc(Cl)ccc2NC1=O,2.4,314.72800000000007,2.5827,78.75999999999999,3,2,2,2,0.0625,22,3
CHEMBL655,Cc1ncc2n1-c1ccc(Cl)cc1C(c1ccccc1F)=NC2,3.1,325.77400000000006,4.324220000000002,30.18,3,0,1,3,0.1111111111111111,23,4
CHEMBL513301,COc1cc2c(N)nc(N3CCN(C(=O)OCC(C)(C)O)CC3)nc2c(OC)c1OC,3.1,435.4810000000003,1.2673,132.5,10,2,6,2,0.55,31,3
CHEMBL778,Cc1cccc([C@H](C)c2c[nH]cn2)c1C,2.2,200.28500000000003,3.1783400000000013,28.68,1,1,2,2,0.3076923076923077,15,2
CHEMBL3301800,CC=CC1=C(C(=O)O)N2C(=O)[C@@H](NC(=O)[C@H](N)c3ccc(O)cc3)[C@H]2SC1,1.2,389.4330000000001,0.7067000000000008,132.96,6,4,5,1,0.2777777777777778,27,3
CHEMBL1614656,CCC(CC)COC(C(=O)OCCN(C)C)(c1ccccc1)c1ccccc1,34.0,383.53200000000004,4.4878000000000045,38.77,4,0,11,2,0.4583333333333333,28,2
CHEMBL660,NC12CC3CC(CC(C3)C1)C2,16.0,151.253,1.9139,26.02,1,1,0,0,1.0,11,4
CHEMBL1117,CC(=O)[C@]1(O)Cc2c(O)c3c(c(O)c2[C@@H](O[C@H]2C[C@H](N)[C@H](O)[C@H](C)O2)C1)C(=O)c1ccccc1C3=O,16.0,497.5000000000002,1.0202999999999998,176.60999999999999,10,5,3,2,0.4230769230769231,36,5
CHEMBL578211,CN1C(=O)CC[C@H]1c1cccnc1,17.0,176.21900000000002,1.3749,33.2,2,0,1,1,0.4,13,2
CHEMBL1614664,Cc1cc(O)c2c(=O)c3c(O)cc(O)c4c5c(O)cc(O)c6c(=O)c7c(O)cc(CO)c8c1c2c(c34)c(c65)c78,20.0,520.4490000000004,4.2649200000000045,175.75,9,7,1,8,0.06666666666666667,39,8
CHEMBL423,CC(C)NCC(O)COc1ccc(CCOCC2CC2)cc1,17.0,307.434,2.3933999999999997,50.72,4,2,11,1,0.6666666666666666,22,2
CHEMBL119,COc1cc(NCc2ccc3nc(N)nc(N)c3c2C)cc(OC)c1OC,17.0,369.4250000000001,2.740520000000001,117.54,8,3,6,3,0.2631578947368421,27,3
CHEMBL505,CN(C)CCC(c1ccc(Cl)cc1)c1ccccn1,22.0,274.795,3.8186000000000027,16.130000000000003,2,0,5,2,0.3125,19,2
CHEMBL90555,CC[C@]1(O)C[C@H]2CN(CCc3c([nH]c4ccccc34)[C@@](C(=O)OC)(c3cc4c(cc3OC)N(C=O)[C@H]3[C@@](O)(C(=O)OC)[C@H](OC(C)=O)[C@]5(CC)C=CCN6CC[C@]43[C@@H]65)C2)C1,23.0,824.9719999999999,3.5175000000000027,171.17,12,3,8,3,0.5652173913043478,60,9
CHEMBL11,CN(C)CCCN1c2ccccc2CCc2ccccc21,16.0,280.415,3.8750000000000027,6.48,2,0,4,2,0.3684210526315789,21,3
CHEMBL1614667,C=C(C)O[C@@]12CO[C@@H]1C[C@@H]1C[C@@]13C(=O)[C@H](OC(C)=O)C1=C(C)[C@@H](OC(=O)[C@H](O)[C@@H](NC(=O)OC(C)(C)C)c4ccccc4)C[C@@](O)([C@H](OC(=O)c4ccccc4)[C@H]23)C1(C)C,20.0,829.9400000000002,5.456600000000004,193.21999999999997,13,3,10,2,0.5434782608695652,60,7
CHEMBL269732,C=CC[C@@H]1/C=C(\C)C[C@H](C)C[C@H](OC)[C@H]2O[C@@](O)(C(=O)C(=O)N3CCCC[C@H]3C(=O)O[C@H](/C(C)=C/[C@@H]3CC[C@@H](O)[C@H](OC)C3)[C@H](C)[C@@H](O)CC1=O)[C@H](C)C[C@@H]2OC,26.0,804.0310000000001,4.639000000000004,178.35999999999996,12,3,7,0,0.7727272727272727,57,4
CHEMBL1464,CC(=O)CC(c1ccccc1)c1c(O)c2ccccc2oc1=O,29.0,308.3330000000001,3.609600000000003,67.50999999999999,4,1,4,3,0.15789473684210525,23,3
CHEMBL1762,Cc1cccc(C)c1NC(=O)C(C)N,12.0,192.262,1.58914,55.120000000000005,2,2,2,1,0.36363636363636365,14,1
CHEMBL11672,CN(C(=O)c1c(O)c2ccccc2n(C)c1=O)c1ccccc1,31.0,308.337,2.5207000000000006,62.540000000000006,4,1,2,3,0.1111111111111111,23,3
CHEMBL1136,CC[C@H]1OC(=O)[C@H](C)C(=O)[C@H](C)[C@@H](O[C@@H]2O[C@H](C)C[C@H](N(C)C)[C@H]2O)[C@](C)(OC)C[C@@H](C)C(=O)[C@H](C)[C@H]2N(CCCCn3cnc(-c4cccnc4)c3)C(=O)O[C@]12C,12.0,812.0179999999997,4.929200000000005,171.85,14,1,11,2,0.7209302325581395,58,5
CHEMBL20,CC(=O)Nc1nnc(S(N)(=O)=O)s1,13.0,222.251,-0.8561000000000003,115.03999999999999,6,2,2,1,0.25,13,1
CHEMBL45816,COCC(=O)O[C@]1(CCN(C)CCCc2nc3ccccc3[nH]2)CCc2cc(F)ccc2[C@@H]1C(C)C,13.0,495.6390000000002,5.270900000000005,67.45,5,1,11,3,0.5172413793103449,36,4
CHEMBL248702,CCN[C@@H](C)Cc1cccc(C(F)(F)F)c1,14.0,231.26099999999997,3.2459000000000024,12.03,1,1,4,1,0.5,16,1
CHEMBL344478,COc1cc([C@@H]2c3cc4c(cc3C(OC3OC5COC(C)OC5C(O)C3N)C3COC(=O)[C@@H]32)OCO4)cc(OC)c1O,14.0,587.5780000000003,1.304999999999999,166.62,13,3,5,2,0.5517241379310345,42,7
CHEMBL275528,c1ccc(C2(N3CCCCC3)CCCCC2)cc1,16.0,243.39399999999992,4.331900000000004,3.24,1,0,2,1,0.6470588235294118,18,3
CHEMBL72,CNCCCN1c2ccccc2CCc2ccccc21,22.0,266.388,3.5328000000000026,15.27,2,1,4,2,0.3333333333333333,20,3
CHEMBL1422,N[C@@H](CC(=O)N1CCn2c(nnc2C(F)(F)F)C1)Cc1cc(F)c(F)cc1F,12.0,407.31800000000015,2.0164999999999997,77.04,5,1,4,2,0.4375,28,3
CHEMBL850,C[C@H]1CN(c2c(F)c(N)c3c(=O)c(C(=O)O)cn(C4CC4)c3c2F)C[C@@H](C)N1,20.0,392.4060000000002,2.0816,100.59,6,3,3,2,0.47368421052631576,28,4
CHEMBL553025,CCC1=C[C@@H]2CN(C1)Cc1c([nH]c3ccccc13)[C@@](C(=O)OC)(c1cc3c(cc1OC)N(C)[C@H]1[C@@](O)(C(=O)OC)[C@H](OC(C)=O)[C@]4(CC)C=CCN5CC[C@]31[C@@H]54)C2,26.0,778.9469999999999,4.753600000000004,133.87,11,2,7,3,0.5333333333333333,57,9
CHEMBL651,CCC(=O)C(CC(C)N(C)C)(c1ccccc1)c1ccccc1,31.0,309.45300000000003,4.292000000000004,20.310000000000002,2,0,7,2,0.38095238095238093,23,2
CHEMBL1433,C[C@H]1c2cccc(O)c2C(=O)C2=C(O)[C@]3(O)C(=O)C(C(N)=O)=C(O)[C@@H](N(C)C)[C@@H]3[C@@H](O)[C@@H]21,14.0,444.44000000000017,-0.3475999999999985,181.62,9,6,2,1,0.4090909090909091,32,4
CHEMBL87543,CC(C)N1CCC(N(C(=O)Cc2ccccc2)c2ccc(Cl)cc2)CC1,6.5,370.9240000000001,4.788500000000004,23.55,2,0,5,2,0.4090909090909091,26,3
CHEMBL507870,CCCCCCCCCCNCCN[C@@]1(C)C[C@H](O[C@H]2[C@H](Oc3c4cc5cc3Oc3ccc(cc3Cl)[C@@H](O)[C@@H](NC(=O)[C@@H](CC(C)C)NC)C(=O)N[C@@H](CC(N)=O)C(=O)N[C@H]5C(=O)N[C@H]3C(=O)N[C@H](C(=O)N[C@H](C(=O)O)c5cc(O)c(CNCP(=O)(O)O)c(O)c5-c5cc3ccc5O)[C@H](O)c3ccc(c(Cl)c3)O4)O[C@H](CO)[C@@H](O)[C@@H]2O)O[C@@H](C)[C@H]1O,6.7,1755.6580000000004,2.692200000000017,598.0900000000001,28,23,30,5,0.525,121,12
CHEMBL1757,C[C@@H]1O[C@@H]1P(=O)(O)O,1.9,138.059,-0.09110000000000007,70.06,2,2,1,0,1.0,8,1
CHEMBL1614663,CC(=O)O[C@H]1C[C@]2(C)CC[C@H]3[C@@H]4C[C@H](N5CC[N+](C)(C)CC5)[C@H](OC(C)=O)[C@@]4(C)CC[C@@H]3[C@@]2(C)C[C@@H]1N1CC[N+](C)(C)CC1.[Br-].[Br-],1.9,776.74,-1.9683999999999993,59.08,6,0,4,0,0.9444444444444444,46,6
CHEMBL1560,C[C@H](CS)C(=O)N1CCC[C@H]1C(=O)O,2.0,217.28999999999996,0.6279000000000001,57.61,3,2,3,0,0.7777777777777778,14,1
CHEMBL75753,O=C(NCCNCC(O)COc1ccc(O)cc1)N1CCOCC1,7.7,339.3920000000002,-0.23669999999999924,103.29,6,4,8,1,0.5625,24,2
CHEMBL13,COCCc1ccc(OCC(O)CNC(C)C)cc1,3.6,267.36899999999997,1.6132,50.72,4,2,9,1,0.6,19,1
CHEMBL581,O=C(O)[C@@H]1C[C@@H](C2CCCCC2)CN1C(=O)CP(=O)(O)CCCCc1ccccc1,9.4,435.5010000000002,4.161700000000003,94.91000000000001,3,2,9,1,0.6521739130434783,30,3
CHEMBL1440,CN(C)[C@@H]1C(O)=C(C(N)=O)C(=O)[C@@]2(O)C(O)=C3C(=O)c4c(O)cccc4[C@@](C)(O)[C@H]3C[C@@H]12,9.4,444.44000000000017,-0.21439999999999837,181.61999999999998,9,6,2,1,0.4090909090909091,32,4
CHEMBL1481,CCC1=C(C)CN(C(=O)NCCc2ccc(S(=O)(=O)NC(=O)N[C@H]3CC[C@H](C)CC3)cc2)C1=O,9.95,490.6260000000003,3.0740000000000016,124.68,5,3,7,1,0.5416666666666666,34,3
CHEMBL7728,CN1C(=O)NC(=O)C(C)(C2=CCCCC2)C1=O,4.9,236.27099999999993,1.2012999999999998,66.48,3,1,1,0,0.5833333333333334,17,2
CHEMBL14370,CCOc1ccccc1OC(c1ccccc1)C1CNCCO1,10.0,313.39700000000005,3.1938000000000004,39.72,4,1,6,2,0.3684210526315789,23,3
CHEMBL1730,CO/N=C(\C(=O)N[C@@H]1C(=O)N2C(C(=O)O)=C(COC(C)=O)CS[C@H]12)c1csc(N)n1,1.2,455.47400000000016,-0.6224999999999987,173.51,11,3,7,1,0.375,30,3
CHEMBL1599,CC(=O)OCC1=C(C(=O)O)N2C(=O)[C@@H](NC(=O)CSc3ccncc3)[C@H]2SC1,1.2,423.4720000000001,0.4754000000000007,125.89999999999999,8,2,7,1,0.35294117647058826,28,3
CHEMBL623,CCc1nn(CCCN2CCN(c3cccc(Cl)c3)CC2)c(=O)n1CCOc1ccccc1,1.2,470.01700000000034,3.5519000000000025,55.53,7,0,10,3,0.44,33,4
CHEMBL1200490,CC(=O)N[C@H](Cc1ccc2ccccc2c1)C(=O)N[C@H](Cc1ccc(Cl)cc1)C(=O)N[C@H](Cc1cccnc1)C(=O)N[C@@H](CO)C(=O)N[C@@H](Cc1ccc(O)cc1)C(=O)N[C@H](CCCNC(N)=O)C(=O)N[C@@H](CC(C)C)C(=O)N[C@@H](CCCNC(=N)N)C(=O)N1CCC[C@H]1C(=O)N[C@H](C)C(N)=O,12.0,1431.0640000000003,-0.506130000000012,495.66999999999985,16,17,38,5,0.42857142857142855,102,6
CHEMBL1614652,O=C1c2ccccc2S(=O)(=O)N1CCCCNC[C@H]1CCc2ccccc2O1,1.2,400.50000000000017,2.5947000000000005,75.71000000000001,5,1,7,2,0.38095238095238093,28,4
CHEMBL1679,Nc1nc(=O)c2c([nH]1)NCC(CNc1ccc(C(=O)N[C@@H](CCC(=O)O)C(=O)O)cc1)N2C=O,1.3,473.4460000000002,-0.7310999999999974,219.83999999999997,9,7,10,2,0.3,34,3
CHEMBL1428,COCCOC(=O)C1=C(C)NC(C)=C(C(=O)OC(C)C)C1c1cccc([N+](=O)[O-])c1,1.3,418.44600000000014,2.9708000000000014,117.0,8,1,8,1,0.42857142857142855,30,2
CHEMBL1460,O=c1[nH]cnc2c1ncn2[C@H]1CC[C@@H](CO)O1,1.4,236.23099999999997,-0.21050000000000008,93.03,6,2,2,2,0.5,17,3
CHEMBL1200826,O=C([O-])[O-].[Li+].[Li+],7.8,73.89,-8.439,63.19,3,0,0,0,0.0,6,0
CHEMBL32,COc1c(N2C[C@@H]3CCCN[C@@H]3C2)c(F)cc2c(=O)c(C(=O)O)cn(C3CC3)c12,8.2,401.4380000000002,2.3705000000000007,83.80000000000001,6,2,4,2,0.5238095238095238,29,5
CHEMBL475534,CCOC(=O)C1=C(C)NC(C)=C(C(=O)OC)C1c1cccc([N+](=O)[O-])c1,8.2,360.36600000000004,2.5657000000000005,107.77000000000001,7,1,5,1,0.3333333333333333,26,2
CHEMBL6273,CN1CCN(c2c(F)cc3c(=O)c(C(=O)O)cn(CCF)c3c2F)CC1,8.6,369.3430000000002,1.6991999999999998,65.78,5,1,4,2,0.4117647058823529,26,3
CHEMBL611,COc1cc2nc(N3CCN(C(=O)C4CCCO4)CC3)nc(N)c2cc1OC,9.0,387.44000000000017,1.0567999999999995,103.04,8,1,4,2,0.5263157894736842,28,4
CHEMBL666,O=C(O)P(=O)(O)O,4.7,126.00399999999998,-0.1579000000000001,94.83,2,3,1,0,0.0,7,0
CHEMBL33986,Oc1ccc2c(c1)[C@@]13CCCC[C@@]1(O)[C@@H](C2)N(CC1CCC1)CC3,4.8,327.46800000000013,3.3656000000000015,43.7,3,2,2,1,0.7142857142857143,24,5
CHEMBL787,CC(C)(O)c1ccccc1CC[C@@H](SCC1(CC(=O)O)CC1)c1cccc(/C=C/c2ccc3ccc(Cl)cc3n2)c1,5.0,586.1970000000001,8.948000000000002,70.42,4,2,12,4,0.3142857142857143,41,5
CHEMBL141,Nc1ccn([C@@H]2CS[C@H](CO)O2)c(=O)n1,9.1,229.261,-0.5941000000000001,90.36999999999999,7,2,2,1,0.5,15,2
CHEMBL1480,CCOC(=O)C1=C(C)NC(C)=C(C(=O)OC)C1c1cccc(Cl)c1Cl,10.0,384.259,3.9643000000000033,64.63,5,1,4,1,0.3333333333333333,25,2
CHEMBL31,COc1c(N2CCNC(C)C2)c(F)cc2c(=O)c(C(=O)O)cn(C3CC3)c12,10.0,375.40000000000015,1.9804,83.80000000000001,6,2,4,2,0.47368421052631576,27,4
CHEMBL53292,Cc1cc(NC(=O)C2=C(O)c3ccccc3S(=O)(=O)N2C)no1,33.0,335.3410000000001,1.48242,112.74,6,2,2,2,0.14285714285714285,23,3
CHEMBL939,COc1cc2ncnc(Nc3ccc(F)c(Cl)c3)c2cc1OCCCN1CCOCC1,34.0,446.9100000000004,4.275600000000003,68.74000000000001,7,1,8,3,0.36363636363636365,31,4
CHEMBL1434,CN(C)c1ccc(O)c2c1C[C@H]1C[C@H]3[C@H](N(C)C)C(O)=C(C(N)=O)C(=O)[C@@]3(O)C(O)=C1C2=O,17.0,457.48300000000023,0.1866000000000017,164.63,9,5,3,1,0.43478260869565216,33,4
CHEMBL1908351,Cc1cnc(NCCCN(C)C)c2c1[nH]c1ccc3cc(O)ccc3c12,19.0,348.4500000000001,4.246920000000004,64.18,4,3,5,4,0.2857142857142857,26,4
CHEMBL272080,CN[C@@H]1[C@@H](O)[C@@H](O[C@@H]2[C@@H](O)[C@H](O[C@H]3O[C@H](CN)[C@@H](O)[C@H](O)[C@H]3O)[C@@H](N)C[C@H]2NC(=O)[C@@H](O)CN)OC[C@]1(C)O,24.0,569.6090000000002,-7.5244000000000115,297.72,16,12,9,0,0.9545454545454546,39,3
CHEMBL343118,CSCO[C@H]1C[C@H]2OC[C@@]2(OC(C)=O)C2[C@H](OCc3ccccc3)[C@]3(O)CC(OC(=O)[C@H](O)[C@@H](NC(=O)c4ccccc4)c4ccccc4)C(C)=C([C@@H](OC(C)=O)C(=O)[C@@]21C)C3(C)C,32.0,900.0559999999999,5.440300000000005,193.21999999999997,14,3,14,3,0.4897959183673469,64,7
CHEMBL490,Fc1ccc([C@@H]2CCNC[C@H]2COc2ccc3c(c2)OCO3)cc1,13.0,329.3710000000001,3.326500000000002,39.72,4,1,4,2,0.3684210526315789,24,4
CHEMBL86304,O=C(NCCN1CCOCC1)c1ccc(Cl)cc1,1.5,268.74399999999997,1.4020000000000006,41.57000000000001,3,1,4,1,0.46153846153846156,18,2
CHEMBL86,CCN(CC)CCNC(=O)c1cc(Cl)c(N)cc1OC,7.2,299.8020000000001,2.0023999999999997,67.59,4,2,7,1,0.5,20,1
CHEMBL1201244,C=CC[N+]1([C@H]2C[C@H]3[C@@H]4CC[C@H]5C[C@H](O)[C@@H](N6CCOCC6)C[C@]5(C)[C@H]4CC[C@]3(C)[C@H]2OC(C)=O)CCCC1,1.6,529.7860000000004,4.407500000000003,59.00000000000001,5,1,5,0,0.90625,38,6
CHEMBL511142,CO[C@@]12CC[C@@]3(C[C@@H]1[C@](C)(O)C(C)(C)C)[C@H]1Cc4ccc(O)c5c4[C@@]3(CCN1CC1CC1)[C@H]2O5,3.2,467.6500000000003,4.413800000000004,62.16,5,2,4,1,0.7931034482758621,34,8
CHEMBL723,COc1ccccc1OCCNCC(O)COc1cccc2[nH]c3ccccc3c12,2.4,406.482,3.738000000000002,75.74000000000001,5,3,10,4,0.25,30,4
CHEMBL1219,COCCCOc1ccnc(C[S+]([O-])c2nc3ccccc3[nH]2)c1C,1.0,359.451,2.989420000000001,83.09,5,1,8,3,0.3333333333333333,25,3
CHEMBL60542,CC(C)=CCN1CC[C@]2(C)c3cc(O)ccc3C[C@H]1[C@H]2C,2.5,285.43100000000004,3.8826000000000027,23.47,2,1,2,1,0.5789473684210527,21,3
CHEMBL1256734,CC1(C)S[C@@H]2[C@H](NC(=O)C(c3ccccc3)S(=O)(=O)O)C(=O)N2[C@H]1C(=O)O,1.2,414.4610000000002,0.2472000000000002,141.07999999999998,6,3,5,1,0.4375,27,3
CHEMBL328250,CN(C)Cc1nnc2n1-c1ccc(Cl)cc1C(c1ccccc1)=NC2,2.1,351.8410000000001,3.333300000000002,46.31,5,0,3,3,0.21052631578947367,25,4
CHEMBL2051955,C[C@@H]1CC(=O)NN=C1c1ccc(NN=C(C#N)C#N)cc1,1.1,280.291,1.3617599999999999,113.42999999999998,6,2,3,1,0.21428571428571427,21,2
CHEMBL742,CNC1(c2ccccc2Cl)CCCCC1=O,2.8,237.7299999999999,2.897800000000001,29.1,2,1,2,1,0.46153846153846156,16,2
CHEMBL1237,NCCCC[C@H](N[C@@H](CCc1ccccc1)C(=O)O)C(=O)N1CCC[C@H]1C(=O)O,42.0,405.49500000000023,1.2352000000000007,132.95999999999998,5,4,12,1,0.5714285714285714,29,2
CHEMBL34139,C[C@H]([C@](O)(Cn1cncn1)c1ccc(F)cc1F)S(C)(=O)=O,49.0,331.34400000000005,0.8772000000000002,85.07999999999998,6,1,5,2,0.38461538461538464,22,2
CHEMBL501259,CCCCCC/C=C\CCCCCCCCCC(=O)N[C@H]1[C@H](OC[C@H]2O[C@H](OP(=O)(O)O)[C@H](NC(=O)CC(=O)CCCCCCCCCCC)[C@@H](OCCCCCCCCCC)[C@@H]2O)O[C@H](COC)[C@@H](OP(=O)(O)O)[C@@H]1OCC[C@@H](CCCCCCC)OC,51.0,1313.6769999999988,13.611199999999977,293.63,15,7,59,0,0.9242424242424242,89,2
CHEMBL21731,CNCCCC12CCC(c3ccccc31)c1ccccc12,51.0,277.41100000000006,4.211400000000004,12.03,1,1,4,2,0.4,21,5
CHEMBL58,O=C1c2c(O)ccc(O)c2C(=O)c2c(NCCNCCO)ccc(NCCNCCO)c21,53.0,444.4880000000002,-0.13919999999999944,163.17999999999998,10,8,12,2,0.36363636363636365,32,3
CHEMBL57,Cc1ccnc2c1NC(=O)c1cccnc1N2C1CC1,53.0,266.30400000000003,2.6512200000000004,58.120000000000005,4,1,1,2,0.26666666666666666,20,4
CHEMBL1112,O=C1CCc2ccc(OCCCCN3CCN(c4cccc(Cl)c4Cl)CC3)cc2N1,75.0,448.39400000000006,4.859300000000005,44.81,4,1,7,2,0.43478260869565216,30,4
CHEMBL40,CCC1(c2ccccc2)C(=O)NC(=O)NC1=O,99.0,232.23899999999995,0.7004,75.27000000000001,3,2,2,1,0.25,17,2
CHEMBL3301669,CN[C@H]1C(=O)N[C@@H]2Cc3ccc(cc3)Oc3cc4cc(c3O[C@@H]3O[C@H](C(=O)O)[C@@H](O)[C@H](O)[C@H]3NC(=O)CCCCCCCCC(C)C)Oc3ccc(cc3Cl)[C@@H](O)[C@@H]3NC(=O)[C@H](NC(=O)[C@@H]4NC(=O)[C@@H](NC2=O)c2cc(cc(O)c2Cl)Oc2cc1ccc2O)c1ccc(O)c(c1)-c1c(O[C@H]2O[C@H](CO)[C@@H](O)[C@H](O)[C@@H]2O)cc(O)cc1[C@@H](C(=O)NCCCN(C)C)NC3=O,170.0,1816.716,4.168000000000005,572.5100000000001,29,21,22,7,0.42045454545454547,128,15
CHEMBL254219,C[C@H]1O[C@@H](O[C@H]2[C@@H](O)C[C@H](O[C@H]3[C@@H](O)C[C@H](O[C@H]4CC[C@]5(C)[C@H]6CC[C@]7(C)[C@@H](C8=CC(=O)OC8)CC[C@]7(O)[C@@H]6CC[C@@H]5C4)O[C@@H]3C)O[C@@H]2C)C[C@H](O)[C@@H]1O,180.0,764.9500000000004,3.2473000000000014,182.82999999999998,13,5,7,0,0.926829268292683,54,8
CHEMBL1201129,Nc1ncn([C@H]2C[C@H](O)[C@@H](CO)O2)c(=O)n1,0.58,228.20799999999997,-2.1388,123.49,8,3,2,1,0.625,16,2
CHEMBL135,C[C@]12CC[C@@H]3c4ccc(O)cc4CC[C@H]3[C@@H]1CC[C@@H]2O,1.7,272.3879999999999,3.6092000000000026,40.46,2,2,0,1,0.6666666666666666,20,4
CHEMBL517,CC(C)N(CCC(C(N)=O)(c1ccccc1)c1ccccn1)C(C)C,7.0,339.4830000000001,3.361900000000002,59.22,3,1,8,2,0.42857142857142855,25,2
CHEMBL8,O=C(O)c1cn(C2CC2)c2cc(N3CCNCC3)c(F)cc2c1=O,3.8,331.34700000000004,1.5833,74.57,5,2,3,2,0.4117647058823529,24,4
CHEMBL1237132,CCCC(=O)OCOC(=O)C1=C(C)NC(C)=C(C(=O)OC)C1c1cccc(Cl)c1Cl,0.3,456.3220000000001,4.245200000000003,90.92999999999999,7,1,7,1,0.38095238095238093,30,2
CHEMBL54126,CN(C)C(=O)Oc1cccc([N+](C)(C)C)c1.[Br-],1.3,303.19999999999993,-1.052299999999998,29.540000000000003,2,0,2,1,0.4166666666666667,17,1
CHEMBL704,Nc1ccc(O)c(C(=O)O)c1,0.61,153.137,0.6726000000000001,83.55,3,3,1,1,0.0,11,1
CHEMBL575,COc1cccc(OC)c1C(=O)N[C@@H]1C(=O)N2[C@@H](C(=O)O)C(C)(C)S[C@H]12,0.64,380.42200000000014,0.9490999999999998,105.17,6,2,5,1,0.47058823529411764,26,3
CHEMBL6,COc1ccc2c(c1)c(CC(=O)O)c(C)n2C(=O)c1ccc(Cl)cc1,1.4,357.793,3.9273200000000026,68.53,4,1,4,3,0.15789473684210525,25,3
CHEMBL441,CCCC(C)C1(CC)C(=O)NC(=S)NC1=O,2.0,242.34400000000002,1.3498999999999999,58.2,3,2,4,0,0.7272727272727273,16,1
CHEMBL86882,CCNCC(O)c1cccc(O)c1,2.2,181.23499999999999,1.0351,52.489999999999995,3,3,4,1,0.4,13,1
CHEMBL16073,CCOc1ccc(NC(C)=O)cc1,0.92,179.219,2.0437,38.33,2,1,3,1,0.3,13,1
CHEMBL36,CCc1nc(N)nc(N)c1-c1ccc(Cl)cc1,140.0,248.71700000000004,2.5238000000000005,77.82,4,2,2,2,0.16666666666666666,17,2
CHEMBL1236539,CN[C@@H]1C[C@H]2O[C@@](C)([C@@H]1OC)n1c3ccccc3c3c4c(c5c6ccccc6n2c5c31)C(=O)N[C@@H]4O,790.0,482.54000000000025,3.844900000000002,89.68,7,3,2,5,0.32142857142857145,36,8
CHEMBL12,CN1C(=O)CN=C(c2ccccc2)c2cc(Cl)ccc21,42.0,284.74600000000004,3.153800000000002,32.67,2,0,1,2,0.125,20,3
CHEMBL529,CC[C@H]1OC(=O)[C@H](C)[C@@H](O[C@H]2C[C@@](C)(OC)[C@@H](O)[C@H](C)O2)[C@H](C)[C@@H](O[C@@H]2O[C@H](C)C[C@H](N(C)C)[C@H]2O)[C@](C)(O)C[C@@H](C)CN(C)[C@H](C)[C@@H](O)[C@]1(C)O,69.0,748.9960000000001,1.9007000000000054,180.08,14,5,7,0,0.9736842105263158,52,3
CHEMBL160629,CCC#CC[C@H](C)[C@H](O)C#C[C@@H]1[C@H]2C/C(=C/COCC(=O)O)C[C@H]2C[C@H]1O,1.1,374.47700000000015,2.2249000000000003,86.99000000000001,4,3,6,0,0.6818181818181818,27,2
CHEMBL471,CC(C)NCC(O)c1ccc(NS(C)(=O)=O)cc1,6.3,272.37,1.0895000000000001,78.43,4,3,6,1,0.5,18,1
CHEMBL1182833,COc1cc2c(cc1OC)[C@@H](Cc1cc(OC)c(OC)c(OC)c1)[N+](C)(CCCOC(=O)CC/C=C/CCC(=O)OCCC[N+]1(C)CCc3cc(OC)c(OC)cc3[C@H]1Cc1cc(OC)c(OC)c(OC)c1)CC2,0.83,1029.2779999999996,9.029000000000005,144.9,14,0,28,4,0.5172413793103449,74,6
CHEMBL783,CC(C)[C@H]1CC[C@H](C(=O)N[C@H](Cc2ccccc2)C(=O)O)CC1,1.5,317.42900000000014,3.2609000000000012,66.4,2,2,6,1,0.5789473684210527,23,2
CHEMBL193,COC(=O)C1=C(C)NC(C)=C(C(=O)OC)C1c1ccccc1[N+](=O)[O-],1.9,346.33900000000006,2.1756,107.77000000000001,7,1,4,1,0.29411764705882354,25,2
CHEMBL474579,CO[C@@]1(NC(=O)C2SC(=C(C(N)=O)C(=O)O)S2)C(=O)N2C(C(=O)O)=C(CSc3nnnn3C)CS[C@@H]21,4.5,575.6320000000002,-1.3974999999999984,219.92999999999995,14,4,9,1,0.4117647058823529,36,4
CHEMBL1443,CCOc1ccc2ccccc2c1C(=O)N[C@@H]1C(=O)N2[C@@H](C(=O)O)C(C)(C)S[C@H]12,0.7,414.4830000000001,2.4838000000000005,95.94000000000001,5,2,5,2,0.38095238095238093,29,4
CHEMBL370805,COC(=O)[C@H]1[C@@H](OC(=O)c2ccccc2)C[C@@H]2CC[C@H]1N2C,0.76,303.35800000000006,1.8677,55.84,5,0,3,1,0.5294117647058824,22,3
CHEMBL115,CC(C)(C)NC(=O)[C@@H]1CN(Cc2cccnc2)CCN1C[C@@H](O)C[C@@H](Cc1ccccc1)C(=O)N[C@H]1c2ccccc2C[C@H]1O,1.0,613.8030000000003,2.8669000000000016,118.03000000000002,7,4,11,3,0.4722222222222222,45,5
CHEMBL166937,CN(CC(N)=O)C(=O)N(CCCl)N=O,1.0,222.63199999999998,-0.2543000000000002,96.07,4,1,5,0,0.6666666666666666,14,0
CHEMBL184,Nc1nc(O)c2ncn(COCCO)c2n1,2.5,225.20799999999994,-0.9195,119.31000000000002,8,3,4,2,0.375,16,2
CHEMBL1436,CO/N=C(\C(=O)N[C@@H]1C(=O)N2C(C(=O)O)=C(COC(N)=O)CS[C@H]12)c1ccco1,1.1,424.39100000000013,-0.5359999999999987,173.76,9,3,7,1,0.3125,29,3
CHEMBL316157,O=C(Cc1cccs1)N[C@@H]1C(=O)N2C(C(=O)[O-])=C(C[n+]3ccccc3)CS[C@H]12,1.5,415.4960000000001,-0.3177999999999983,93.42,6,1,6,2,0.2631578947368421,28,4
CHEMBL1200455,CC(=O)N(CC(O)CO)c1c(I)c(C(=O)NCC(O)CO)c(I)c(C(=O)NCC(O)CO)c1I,1.5,821.1410000000001,-1.6274999999999986,199.89,9,8,12,1,0.5263157894736842,34,1
CHEMBL810,Cn1nnc2c(C(N)=O)ncn2c1=O,1.5,194.154,-2.078099999999999,108.17000000000002,7,1,1,2,0.16666666666666666,14,2
CHEMBL521,CC(C)Cc1ccc(C(C)C(=O)O)cc1,1.6,206.28499999999997,3.073200000000001,37.3,1,1,4,1,0.46153846153846156,15,1
CHEMBL79,CCN(CC)CC(=O)Nc1c(C)cccc1C,1.6,234.343,2.5837400000000006,32.34,2,1,5,1,0.5,17,1
CHEMBL456,C=C(CC)C(=O)c1ccc(OCC(=O)O)c(Cl)c1Cl,0.5,303.14099999999996,3.6057000000000023,63.60000000000001,3,1,6,1,0.23076923076923078,19,1
CHEMBL484,Nc1ncnc2c1ncn2CCOCP(=O)(O)O,1.6,273.1889999999999,-0.4397000000000001,136.38000000000002,7,3,5,2,0.375,18,2
CHEMBL351706,N#Cc1ccc2c(c1)CN(S(=O)(=O)c1cccs1)[C@H](Cc1ccccc1)CN2Cc1c[nH]cn1,1.6,489.6260000000002,4.165280000000002,93.08999999999999,6,1,6,4,0.2,34,5
CHEMBL580,O=C1Nc2ccc(Cl)cc2C(c2ccccc2Cl)=NC1O,17.0,321.163,3.1013000000000015,61.69,3,2,1,2,0.06666666666666667,21,3
CHEMBL2051956,COC(=O)C1=C(C)NC(C)=C(C(=O)OCCCN2CCC(c3ccccc3)(c3ccccc3)CC2)[C@@H]1c1cccc([N+](=O)[O-])c1,22.0,609.7230000000003,6.018000000000007,111.00999999999999,8,1,10,3,0.3333333333333333,45,5
CHEMBL957,COc1ccccc1Oc1c(NS(=O)(=O)c2ccc(C(C)(C)C)cc2)nc(-c2ncccn2)nc1OCCO,4.1,551.6250000000002,4.203900000000004,145.65,10,2,10,4,0.25925925925925924,39,4
CHEMBL306700,CCOc1ccccc1OCC1CNCCO1,4.1,237.29899999999992,1.4525,39.72,4,1,5,1,0.5384615384615384,17,2
CHEMBL1072,CCCCNc1cc(C(=O)O)cc(S(N)(=O)=O)c1Oc1ccccc1,1.2,364.42300000000006,3.036500000000001,118.71999999999998,5,3,8,2,0.23529411764705882,25,2
CHEMBL656,COc1ccc2c3c1O[C@H]1C(=O)CC[C@@]4(O)[C@@H](C2)N(C)CC[C@]314,5.5,315.3690000000001,1.0481999999999998,59.00000000000001,5,1,1,1,0.6111111111111112,23,5
CHEMBL174,CC1(C)S[C@@H]2[C@H](NC(=O)[C@H](N)c3ccccc3)C(=O)N2[C@H]1C(=O)O,1.4,349.4120000000001,0.3181000000000002,112.73,5,3,4,1,0.4375,24,3
CHEMBL636,CCN(C)C(=O)Oc1cccc([C@H](C)N(C)C)c1,1.4,250.34199999999998,2.7597000000000014,32.78,3,0,4,1,0.5,18,1
CHEMBL476,CN(C)/N=N/c1[nH]cnc1C(N)=O,6.2,182.18699999999998,0.0688999999999999,99.72999999999999,4,2,3,1,0.3333333333333333,13,1
CHEMBL325166,N=C(N)N1CCC[C@@H](CNC(=O)C[C@H](NS(=O)(=O)c2ccc3ccccc3c2)C(=O)N(CC(=O)O)C2CC2)C1,1.9,558.6610000000002,0.6740700000000035,185.98999999999998,6,5,11,2,0.46153846153846156,39,4
CHEMBL61780,COc1ccccc1Oc1c(NS(=O)(=O)c2ccc(C(C)C)cn2)nc(-c2ccnc(-c3nn[nH]n3)c2)nc1OCCO,3.8,605.6370000000001,3.2099000000000015,200.10999999999996,13,3,12,5,0.2222222222222222,43,5
CHEMBL266349,N=C(N)c1ccc(CNC(=O)[C@@H]2CCN2C(=O)[C@H](NCC(=O)O)C2CCCCC2)cc1,1.6,429.52100000000024,0.8108700000000015,148.60999999999999,5,5,9,1,0.5454545454545454,31,3
CHEMBL289469,CN1C2CCCC1CC(NC(=O)c1nn(C)c3ccccc13)C2,5.2,312.4170000000001,2.3183999999999996,50.160000000000004,4,1,2,2,0.5555555555555556,23,4
CHEMBL1200629,CC(=O)O[C@H]1C[C@@H]2CC[C@@H]3[C@H](CC[C@@]4(C)[C@H]3C[C@H]([N+]3(C)CCCCC3)[C@@H]4OC(C)=O)[C@@]2(C)C[C@@H]1N1CCCCC1.[Br-],1.4,637.7440000000003,2.9699000000000044,55.84,5,0,4,0,0.9411764705882353,41,6
CHEMBL1731,CC1(C)S[C@@H]2[C@H](NC(=O)[C@H](NC(=O)N3CCN(S(C)(=O)=O)C3=O)c3ccccc3)C(=O)N2[C@H]1C(=O)O,1.2,539.5920000000003,-0.23379999999999784,173.49999999999997,8,3,6,1,0.47619047619047616,36,4
CHEMBL1346,NC(=O)C(c1ccccc1)(c1ccccc1)[C@@H]1CCN(CCc2ccc3c(c2)CCO3)C1,3.6,426.5600000000003,3.957500000000003,55.56,3,1,7,3,0.32142857142857145,32,5
CHEMBL819,Cc1onc(-c2ccccc2)c1C(=O)N[C@@H]1C(=O)N2[C@@H](C(=O)O)C(C)(C)S[C@H]12,0.7,401.44400000000013,1.89532,112.74,6,2,4,2,0.3684210526315789,28,4
CHEMBL888,Nc1ccn([C@@H]2O[C@H](CO)[C@@H](O)C2(F)F)c(=O)n1,1.0,263.2,-1.2886,110.60000000000001,7,3,2,1,0.5555555555555556,18,2
CHEMBL127,C[C@@H](O)[C@H]1C(=O)N2C(C(=O)O)=C(S[C@@H]3CN[C@H](C(=O)N(C)C)C3)[C@H](C)[C@H]12,1.0,383.4700000000002,-0.3079999999999994,110.17999999999999,6,3,5,0,0.7058823529411765,26,3
CHEMBL118218,CC1=C(CO)C2=C(C)C3(CC3)[C@@](C)(O)C(=O)C2=C1,0.3,246.30599999999995,1.6656,57.53,3,2,1,0,0.5333333333333333,18,3
CHEMBL1489,Nc1ncn([C@@H]2O[C@H](CO)[C@@H](O)[C@H]2O)c(=O)n1,0.36,244.207,-3.1679999999999997,143.72000000000003,9,4,2,1,0.625,17,2
CHEMBL1411979,CN(C)CCN(Cc1cccs1)c1ccccn1,1.6,261.394,2.7113000000000005,19.37,4,0,6,2,0.35714285714285715,18,2
CHEMBL50,O=c1c(O)c(-c2ccc(O)c(O)c2)oc2cc(O)cc(O)c12,0.6,302.23800000000006,1.988,131.36,7,5,1,3,0.0,22,3
CHEMBL19224,COc1ccc(Cc2nccc3cc(OC)c(OC)cc23)cc1OC,1.8,339.3910000000001,3.860000000000003,49.81,5,0,6,3,0.25,25,3
CHEMBL635,C[C@]12CC(=O)[C@H]3[C@@H](CCC4=CC(=O)C=C[C@@]43C)[C@@H]1CC[C@]2(O)C(=O)CO,2.9,358.43400000000014,1.7658,91.67,5,2,2,0,0.6666666666666666,26,4
CHEMBL1098,CCCCN1CCCCC1C(=O)Nc1c(C)cccc1C,3.1,288.43500000000006,3.8965400000000026,32.34,2,1,5,1,0.6111111111111112,21,2
CHEMBL1077,Nc1c(CC(=O)O)cccc1C(=O)c1ccc(Br)cc1,2.6,334.169,2.889400000000001,80.39000000000001,3,2,4,2,0.06666666666666667,20,2
CHEMBL1566,C[C@H]1O[C@H](O[C@@H]2[C@@H](CO)O[C@H](O[C@@H]3[C@@H](CO)O[C@@H](O)[C@H](O)[C@H]3O)[C@H](O)[C@H]2O)[C@H](O)[C@@H](O)[C@@H]1N[C@H]1C=C(CO)[C@@H](O)[C@H](O)[C@H]1O,2.7,645.6080000000003,-8.564500000000002,321.17,19,14,9,0,0.92,44,4
CHEMBL74632,CO[C@@]1(NC(=O)C(C(=O)O)c2ccc(O)cc2)C(=O)N2C(C(=O)O)=C(CSc3nnnn3C)CO[C@@H]21,2.9,520.4800000000004,-1.127699999999999,206.29999999999998,12,4,9,2,0.35,36,4
CHEMBL425,O=C(O)c1cc(/N=N/c2ccc(O)c(C(=O)O)c2)ccc1O,0.9,302.242,2.9096000000000006,139.78,6,4,4,2,0.0,22,2
CHEMBL276832,NNc1nncc2ccccc12,0.96,160.17999999999998,0.9153999999999998,63.83,4,2,1,2,0.0,12,2
CHEMBL702,CCN1CCN(C(=O)N[C@@H](C(=O)N[C@@H]2C(=O)N3[C@@H](C(=O)O)C(C)(C)S[C@H]23)c2ccccc2)C(=O)C1=O,0.96,517.5640000000003,-0.24029999999999596,156.43,7,3,6,1,0.4782608695652174,36,4
CHEMBL1380,Nc1nc(NC2CC2)c2ncn([C@H]3C=C[C@@H](CO)C3)c2n1,1.0,286.33900000000006,1.0922999999999998,101.88,7,3,4,2,0.5,21,4
CHEMBL1908354,Cc1nnc(SCC2=C(C(=O)O)N3C(=O)[C@@H](NC(=O)[C@H](O)c4ccccc4)[C@H]3SC2)s1,1.0,478.57700000000017,1.4108200000000002,132.71999999999997,9,3,7,2,0.3157894736842105,31,4
CHEMBL480,Cc1c(OCC(F)(F)F)ccnc1C[S+]([O-])c1nc2ccccc2[nH]1,1.0,369.3680000000001,3.515220000000001,73.86,4,1,5,3,0.25,25,3
CHEMBL80,C=CCN1CC[C@]23c4c5ccc(O)c4O[C@H]2C(=O)CC[C@@]3(O)[C@H]1C5,1.1,327.3800000000001,1.3014,70.0,5,2,2,1,0.5263157894736842,24,5
CHEMBL19236,COc1nc(C)nc(Cl)c1NC1=NCCN1,2.2,241.68200000000002,0.8181199999999997,71.43,6,2,2,1,0.4444444444444444,16,2
CHEMBL902,NC(N)=Nc1nc(CSCC/C(N)=N/S(N)(=O)=O)cs1,2.8,337.456,-0.7679999999999998,175.82999999999998,6,4,7,1,0.375,20,1
CHEMBL6966,COc1ccc(CCN(C)CCCC(C#N)(c2ccc(OC)c(OC)c2)C(C)C)cc1OC,2.8,454.6110000000002,5.093080000000005,63.95,6,0,13,2,0.5185185185185185,33,2
CHEMBL1447,CCC[C@@H]1C[C@@H](C(=O)N[C@H]([C@@H](C)O)[C@H]2O[C@H](SC)[C@H](O)[C@@H](O)[C@H]2O)N(C)C1,5.6,406.54500000000013,-0.8569999999999971,122.49000000000001,8,5,7,0,0.9444444444444444,27,2
CHEMBL710,CC(C)(C)NC(=O)[C@H]1CC[C@H]2[C@@H]3CC[C@H]4NC(=O)C=C[C@]4(C)[C@H]3CC[C@]12C,6.0,372.55300000000017,3.8145000000000024,58.2,2,2,1,0,0.8260869565217391,27,4
CHEMBL25,CC(=O)Oc1ccccc1C(=O)O,0.26,180.15899999999996,1.3101,63.60000000000001,3,1,2,1,0.1111111111111111,13,1
CHEMBL1505,CN(C)CCc1c[nH]c2ccc(CS(=O)(=O)N3CCCC3)cc12,3.4,335.4730000000002,2.1975999999999996,56.410000000000004,3,1,6,2,0.5294117647058824,23,3
CHEMBL403,CC1(C)[C@H](C(=O)O)N2C(=O)C[C@H]2S1(=O)=O,1.1,233.24499999999998,-0.794999999999999,91.75,4,1,1,0,0.75,15,2
CHEMBL1753,CCC[C@@H]1C[C@@H](C(=O)N[C@H]([C@H](C)Cl)[C@H]2O[C@H](SC)[C@H](O)[C@@H](O)[C@H]2O)N(C)C1,2.1,424.99100000000016,0.38950000000000035,102.26,7,4,7,0,0.9444444444444444,27,2
CHEMBL1908301,O=P(O)(O)OC(Cn1cncn1)(Cn1cncn1)c1ccc(F)cc1F,2.1,386.25500000000005,0.8527999999999999,128.18,8,2,7,3,0.23076923076923078,26,3
CHEMBL48880,CNC(=O)c1cccc2c(Nc3ccc(NS(C)(=O)=O)cc3OC)c3cccc(C)c3nc12,2.4,464.5470000000003,4.179720000000003,109.42000000000002,6,3,6,4,0.16666666666666666,33,4
CHEMBL263499,CC/C=C\C/C=C\C/C=C\C/C=C\C/C=C\C/C=C/CCC(=O)O[C@@H](C(=O)O[C@H]1C[C@@]2(O)[C@@H](OC(=O)c3ccccc3)C3[C@](C)(C(=O)[C@H](OC(C)=O)C(=C1C)C2(C)C)[C@@H](O)C[C@H]1OC[C@@]31OC(C)=O)[C@@H](NC(=O)c1ccccc1)c1ccccc1,60.0,1164.3990000000001,10.764499999999995,227.35999999999999,15,3,25,3,0.43478260869565216,85,7
CHEMBL1734,O=C(O[C@H]1CN2CCC1CC2)N1CCc2ccccc2[C@@H]1c1ccccc1,52.0,362.47300000000007,3.864900000000003,32.78,3,0,2,2,0.43478260869565216,27,6
CHEMBL159,CC[C@]1(O)C[C@@H]2CN(CCc3c([nH]c4ccccc34)[C@@](C(=O)OC)(c3cc4c(cc3OC)N(C)[C@H]3[C@@](O)(C(=O)OC)[C@H](OC(C)=O)[C@]5(CC)C=CCN6CC[C@]43[C@@H]65)C2)C1,67.0,810.9889999999998,3.9909000000000034,154.10000000000002,12,3,7,3,0.5869565217391305,59,9
CHEMBL182,Nc1nc(O)c2ncn(COC(CO)CO)c2n1,3.7,255.23399999999995,-1.5586000000000002,139.54000000000002,9,4,5,2,0.4444444444444444,18,2
CHEMBL1174,N=C(N)NCCCC[C@@H]1NC(=O)CCSSC[C@@H](C(N)=O)NC(=O)[C@@H]2CCCN2C(=O)[C@H](Cc2c[nH]c3ccccc23)NC(=O)[C@H](CC(=O)O)NC(=O)CNC1=O,4.2,831.9790000000002,-1.8447299999999895,323.88999999999993,11,11,10,2,0.5142857142857142,57,4
CHEMBL1520,CCCc1nc(C)c2c(=O)nc(-c3cc(S(=O)(=O)N4CCN(CC)CC4)ccc3OCC)[nH]n12,4.5,488.6140000000004,2.07042,112.9,8,1,8,3,0.5217391304347826,34,4
CHEMBL254193,N/N=c1/cc2c(n[nH]1)CCN(C(=O)c1ccccc1)C2,5.6,269.30800000000005,0.38260000000000005,87.37,4,2,1,2,0.21428571428571427,20,3
CHEMBL638,C[C@@H](c1ncncc1F)[C@](O)(Cn1cncn1)c1ccc(F)cc1F,5.6,349.31600000000003,2.1769,76.72,6,1,5,3,0.25,25,3
CHEMBL2220384,CCOC(=O)C1(c2ccccc2)CCC=CC1N(C)C,5.0,273.376,2.7677000000000014,29.54,3,0,4,1,0.47058823529411764,20,2
CHEMBL659,COc1ccc2c3c1O[C@H]1C[C@@H](O)C=C[C@@]31CCN(C)C2,5.3,287.35900000000004,1.8503,41.93,4,1,1,1,0.5294117647058824,21,4
CHEMBL577,C[C@H](N[C@@H](CCc1ccccc1)C(=O)O)C(=O)N1CCC[C@H]1C(=O)O,39.0,348.39900000000017,1.1261000000000003,106.94000000000001,4,3,8,1,0.5,25,2
CHEMBL181,CC1=NS(=O)(=O)c2cc(Cl)ccc2N1,48.0,230.67600000000002,1.8726,58.53,3,1,0,1,0.125,14,2
CHEMBL268254,O=C1CN=C(c2ccccc2Cl)c2cc(Cl)ccc2N1,200.0,305.164,3.7829000000000015,41.46,2,1,1,2,0.06666666666666667,20,3
CHEMBL1435,Cc1nnc(SCC2=C(C(=O)O)N3C(=O)[C@@H](NC(=O)Cn4cnnn4)[C@H]3SC2)s1,1.7,454.5190000000002,-0.6360799999999995,156.08999999999997,12,2,7,2,0.42857142857142855,29,4
CHEMBL279898,CCCn1c(=O)[nH]c(=O)c2[nH]cnc21,1.8,194.194,-0.17710000000000065,83.54,4,2,2,2,0.375,14,2
CHEMBL1614644,C[N+](C)([O-])CCCN1c2ccccc2CCc2ccccc21,1.8,296.41400000000004,3.8876000000000026,26.299999999999997,2,0,4,2,0.3684210526315789,22,3
CHEMBL267648,CCn1cc(C(=O)O)c(=O)c2cc(F)c(N3CCN(C)CC3)cc21,11.0,333.36300000000006,1.6105000000000003,65.78,5,1,3,2,0.4117647058823529,24,3
CHEMBL1614660,CCCCCCCCC/C=C/C=C/C(=O)CCC(=O)NC1[C@H](C(O)CO)O[C@H](Nc2ncnc3nc[nH]c23)[C@H](O)[C@@H]1O,1.3,588.7060000000002,1.6518999999999993,202.80999999999997,11,7,18,2,0.6206896551724138,42,3
CHEMBL349803,NS(=O)(=O)c1cc(C(=O)O)cc(N2CCCC2)c1Oc1ccccc1,1.3,362.40700000000004,2.4247000000000005,109.93,5,2,5,2,0.23529411764705882,25,3
CHEMBL158,C[C@H]1[C@H](NC(=O)/C(=N\OC(C)(C)C(=O)O)c2csc(N)n2)C(=O)N1S(=O)(=O)O,1.5,435.44000000000017,-1.1724999999999979,201.57999999999998,10,4,7,1,0.46153846153846156,28,2
CHEMBL1467,O=c1ncnc2[nH][nH]cc1-2,0.8,136.11399999999998,-0.4022000000000001,74.43,3,2,0,0,0.0,10,2
CHEMBL1077896,CCCN1CCCC[C@H]1C(=O)Nc1c(C)cccc1C,2.2,274.408,3.5064400000000013,32.34,2,1,4,1,0.5882352941176471,20,2
CHEMBL1733,C[C@H](N[C@@H](CCc1ccccc1)C(=O)O)C(=O)N1Cc2ccccc2C[C@H]1C(=O)O,2.3,410.4700000000002,2.0885999999999996,106.94000000000001,4,3,8,2,0.34782608695652173,30,3
CHEMBL399510,CCN(CC)CCNC(=O)c1cc(Br)c(N)cc1OC,2.9,344.2530000000001,2.1115,67.59,4,2,7,1,0.5,20,1
CHEMBL1201199,CCNC(=O)[C@@H]1CCCN1C(=O)[C@H](CCCNC(=N)N)NC(=O)[C@H](CC(C)C)NC(=O)[C@@H](CC(C)C)NC(=O)[C@H](Cc1ccc(O)cc1)NC(=O)[C@H](CO)NC(=O)[C@H](Cc1c[nH]c2ccccc12)NC(=O)[C@H](Cc1c[nH]cn1)NC(=O)[C@@H]1CCC(=O)N1,2.9,1209.4210000000003,-1.2284300000000077,429.03999999999985,14,16,32,4,0.5254237288135594,87,6
CHEMBL640,CCN(CC)CCNC(=O)c1ccc(N)cc1,3.1,235.33100000000002,1.3403999999999996,58.36,3,2,6,1,0.46153846153846156,17,1
CHEMBL1561,OCCN1C[C@H](O)[C@@H](O)[C@H](O)[C@H]1CO,2.3,207.226,-3.262099999999999,104.39000000000001,6,5,3,0,1.0,14,1
CHEMBL572,O=C1CN(/N=C/c2ccc([N+](=O)[O-])o2)C(=O)N1,0.97,238.15899999999996,0.07349999999999995,118.05000000000001,6,1,3,1,0.125,17,2
CHEMBL596,CCC(=O)N(c1ccccc1)C1CCN(CCc2ccccc2)CC1,3.0,336.47900000000004,4.136700000000004,23.550000000000004,2,0,6,2,0.4090909090909091,25,3
CHEMBL85,Cc1nc2n(c(=O)c1CCN1CCC(c3noc4cc(F)ccc34)CC1)CCCC2,3.2,410.4930000000003,3.5904200000000026,64.16,6,0,4,3,0.5217391304347826,30,5
CHEMBL642,CCCC(=O)Nc1ccc(OCC(O)CNC(C)C)c(C(C)=O)c1,3.5,336.4320000000001,2.3655,87.66,5,3,10,1,0.5555555555555556,24,1
CHEMBL314437,CCC1(c2cccc(O)c2)CCCCN(C)C1,1.7,233.3549999999999,3.1557000000000013,23.47,2,1,2,1,0.6,17,2
CHEMBL128,CNS(=O)(=O)Cc1ccc2[nH]cc(CCN(C)C)c2c1,1.7,295.408,1.3211999999999997,65.2,3,2,6,2,0.42857142857142855,20,2
CHEMBL60745,CC[N+](C)(C)c1cccc(O)c1.[Br-],1.8,246.14799999999997,-1.0169999999999997,20.23,1,1,2,1,0.4,13,1
CHEMBL191,CCCCc1nc(Cl)c(CO)n1Cc1ccc(-c2ccccc2-c2nnn[nH]2)cc1,1.8,422.9200000000001,4.2668000000000035,92.50999999999999,6,2,8,4,0.2727272727272727,30,4
CHEMBL1194,CCCNC(C)C(=O)Nc1ccccc1C,1.8,220.316,2.3216200000000002,41.13,2,2,5,1,0.46153846153846156,16,1
CHEMBL19019,O=C1CC[C@@]2(O)[C@H]3Cc4ccc(O)c5c4[C@@]2(CCN3CC2CC2)[C@H]1O5,1.9,341.4070000000001,1.5253999999999999,70.0,5,2,2,1,0.65,25,6
CHEMBL532,CC[C@H]1OC(=O)[C@H](C)[C@@H](O[C@H]2C[C@@](C)(OC)[C@@H](O)[C@H](C)O2)[C@H](C)[C@@H](O[C@@H]2O[C@H](C)C[C@H](N(C)C)[C@H]2O)[C@](C)(O)C[C@@H](C)C(=O)[C@H](C)[C@@H](O)[C@]1(C)O,2.0,733.9370000000002,1.785600000000004,193.91,14,5,7,0,0.9459459459459459,51,3
CHEMBL1087,Cc1cccc(C)c1NC(=O)C1CCCCN1C,2.0,246.35399999999996,2.7262400000000007,32.34,2,1,2,1,0.5333333333333333,18,2
CHEMBL95804,CCN(CC)CCNC(=O)c1ccc(NS(C)(=O)=O)cc1,3.8,313.42300000000006,1.1297,78.51,4,2,8,1,0.5,21,1
CHEMBL1531134,CC1CCN(CCCC(=O)c2ccc(F)cc2)CC1,3.9,263.356,3.520500000000003,20.310000000000002,2,0,5,1,0.5625,19,2
CHEMBL1510,CN1CCC[C@@H]1Cc1c[nH]c2ccc(CCS(=O)(=O)c3ccccc3)cc12,4.2,382.5290000000001,3.8210000000000024,53.17,3,1,6,3,0.36363636363636365,27,4
CHEMBL1463,Nc1[nH]c(=O)ncc1F,4.2,129.094,-0.5088000000000001,71.77000000000001,3,2,0,1,0.0,9,1
CHEMBL585,Nc1nc(N)c2nc(-c3ccccc3)c(N)nc2n1,4.3,253.26900000000003,0.8334000000000001,129.62,7,3,1,3,0.0,19,3
CHEMBL940,NCC1(CC(=O)O)CCCCC1,5.3,171.23999999999992,1.3702999999999994,63.32000000000001,2,2,3,0,0.8888888888888888,12,1
CHEMBL1473,CCC(=O)O[C@]1(C(=O)SCF)[C@H](C)C[C@H]2[C@@H]3C[C@H](F)C4=CC(=O)C=C[C@]4(C)[C@@]3(F)[C@@H](O)C[C@@]21C,6.0,500.57900000000024,4.430000000000004,80.67,6,1,4,0,0.72,34,4
CHEMBL1201288,O=C1CN(/N=C/c2ccc(-c3ccc([N+](=O)[O-])cc3)o2)C(=O)N1,10.0,314.257,1.7404999999999997,118.05000000000001,6,1,4,2,0.07142857142857142,23,3
CHEMBL707,COc1cc2nc(N3CCN(C(=O)C4COc5ccccc5O4)CC3)nc(N)c2cc1OC,10.0,451.4830000000003,1.7177999999999993,112.27000000000001,9,1,4,3,0.34782608695652173,33,5
CHEMBL434394,OC(CNCC(O)C1CCc2cc(F)ccc2O1)C1CCc2cc(F)ccc2O1,10.0,405.44100000000014,2.363600000000001,70.95,5,3,6,2,0.45454545454545453,29,4
CHEMBL1568,Nc1nc(F)nc2c1ncn2[C@@H]1O[C@H](CO)[C@@H](O)[C@@H]1O,11.0,285.235,-1.8409000000000002,139.54000000000002,9,4,2,2,0.5,20,3
CHEMBL113278,CC(CCc1ccc2c(c1)OCO2)NCC(O)c1ccc(O)c(C(N)=O)c1,11.0,372.4210000000001,1.8640999999999996,114.03999999999999,6,4,8,2,0.35,27,3
CHEMBL428647,CC(=O)O[C@H]1C(=O)[C@]2(C)[C@@H](O)C[C@H]3OC[C@@]3(OC(C)=O)[C@H]2[C@H](OC(=O)c2ccccc2)[C@]2(O)C[C@H](OC(=O)[C@H](O)[C@@H](NC(=O)c3ccccc3)c3ccccc3)C(C)=C1C2(C)C,11.0,853.9180000000001,3.735700000000003,221.29,14,4,10,3,0.44680851063829785,62,7
CHEMBL1146,Cn1nnnc1SCC1=C(C(=O)O)N2C(=O)[C@@H](NC(=O)[C@H](O)c3ccccc3)[C@H]2SC1,0.75,462.5130000000001,-0.2255999999999989,150.54,10,3,7,2,0.3333333333333333,31,4
CHEMBL407,CCOC(=O)c1ncn2c1CN(C)C(=O)c1cc(F)ccc1-2,0.78,303.293,1.7736999999999998,64.43,5,0,2,2,0.26666666666666666,22,3
CHEMBL1144,CC[C@H](C)C(=O)O[C@H]1C[C@H](O)C=C2C=C[C@H](C)[C@H](CC[C@@H](O)C[C@@H](O)CC(=O)O)[C@H]21,0.78,424.5340000000002,2.4404000000000003,124.29,6,4,10,0,0.7391304347826086,30,2
CHEMBL50882,Nc1n[n+]([O-])c2ccccc2[n+]1[O-],0.78,178.15099999999998,-0.9162000000000003,92.78999999999999,4,1,0,2,0.0,13,2
CHEMBL836,CCOc1ccccc1OCCN[C@H](C)Cc1ccc(OC)c(S(N)(=O)=O)c1,6.8,408.5200000000001,2.3409000000000004,99.88,6,2,11,2,0.4,28,2
CHEMBL190,Cn1c(=O)c2nc[nH]c2n(C)c1=O,7.2,180.16699999999997,-1.0397000000000005,72.68,5,1,0,2,0.2857142857142857,13,2
CHEMBL160,C/C=C/C[C@@H](C)[C@@H](O)[C@H]1C(=O)N[C@@H](CC)C(=O)N(C)CC(=O)N(C)[C@@H](CC(C)C)C(=O)N[C@@H](C(C)C)C(=O)N(C)[C@@H](CC(C)C)C(=O)N[C@@H](C)C(=O)N[C@H](C)C(=O)N(C)[C@@H](CC(C)C)C(=O)N(C)[C@@H](CC(C)C)C(=O)N(C)[C@@H](C(C)C)C(=O)N1C,7.3,1202.634999999999,3.2690000000000046,278.8,12,5,15,0,0.7903225806451613,85,1
CHEMBL559288,N#CC(CCN1CCC(C(N)=O)(N2CCCCC2)CC1)(c1ccccc1)c1ccccc1,8.0,430.5960000000001,3.6921800000000013,73.36,4,1,7,2,0.48148148148148145,32,4
CHEMBL2103780,CCN1C[C@H]2CN(C)C[C@H](C1)C2OC(=O)c1ccc(Cl)cc1,8.6,322.836,2.3787000000000003,32.78,4,0,3,1,0.5882352941176471,22,3
CHEMBL728,CN1CCN(CCCN2c3ccccc3Sc3ccc(Cl)cc32)CC1,9.0,373.95300000000015,4.580200000000004,9.72,4,0,4,2,0.4,25,4
CHEMBL1231101,N[C@H](C(=O)O)[C@@H]1CC(Cl)=NO1,9.9,178.575,-0.26049999999999995,84.91000000000001,4,2,2,0,0.6,11,1
CHEMBL42,CN1CCN(C2=Nc3cc(Cl)ccc3Nc3ccccc32)CC1,10.0,326.83100000000013,3.7227000000000023,30.869999999999997,4,1,0,2,0.2777777777777778,23,4
CHEMBL404520,CN(C)[C@@H]1C(O)=C(C(N)=O)C(=O)[C@@]2(O)C(O)=C3C(=O)c4c(O)ccc(Cl)c4[C@@](C)(O)[C@H]3C[C@@H]12,7.0,478.8850000000002,0.4390000000000007,181.61999999999998,9,6,2,1,0.4090909090909091,33,4
CHEMBL533,CCCCCCCN(CC)CCCC(O)c1ccc(NS(C)(=O)=O)cc1,7.0,384.58600000000007,4.164000000000003,69.64,4,2,14,1,0.7,26,1
CHEMBL439,Nc1ccc(S(=O)(=O)Nc2ncccn2)cc1,7.0,250.28300000000004,0.8596000000000001,97.97,5,2,3,2,0.0,17,2
CHEMBL782,CCCCNC(=O)NS(=O)(=O)c1ccc(C)cc1,7.0,270.354,1.78302,75.27000000000001,3,2,5,1,0.4166666666666667,18,1
CHEMBL219916,O=c1[nH]c2ccccc2n1CCCN1CCC(n2c(=O)[nH]c3cc(Cl)ccc32)CC1,7.5,425.92000000000013,3.353200000000002,78.82,5,2,5,4,0.36363636363636365,30,5
CHEMBL813,CCCCc1ncc(/C=C(\Cc2cccs2)C(=O)O)n1Cc1ccc(C(=O)O)cc1,2.1,424.52200000000016,4.744400000000003,92.42,5,2,10,3,0.2608695652173913,30,3
CHEMBL249856,CSc1ccc(C(=O)c2[nH]c(=O)[nH]c2C)cc1,1.0,248.307,1.9643199999999998,65.72,3,2,3,2,0.16666666666666666,17,2
CHEMBL398707,CN1CC[C@]23c4c5ccc(O)c4O[C@H]2C(=O)CC[C@H]3[C@H]1C5,2.3,285.34299999999996,1.6302999999999999,49.77,4,1,0,1,0.5882352941176471,21,5
CHEMBL1425,Sc1ncnc2nc[nH]c12,1.0,152.182,0.6416,54.46,4,2,0,2,0.0,10,2
CHEMBL953,CCN(CC)C(=O)/C(C#N)=C/c1cc(O)c(O)c([N+](=O)[O-])c1,2.4,305.29,1.7813800000000002,127.70000000000002,6,2,5,1,0.2857142857142857,22,1
CHEMBL1449,CC1(C)S[C@@H]2[C@H](NC(=O)[C@H](C(=O)O)c3ccsc3)C(=O)N2[C@H]1C(=O)O,1.0,384.4350000000001,0.5479999999999997,124.01,6,3,5,1,0.4666666666666667,25,3
CHEMBL1644,CC1=C(C(=O)O)N2C(=O)[C@@H](NC(=O)[C@H](N)c3ccc(O)cc3)[C@H]2SC1,1.1,363.3950000000001,0.15050000000000108,132.96,6,4,4,1,0.3125,25,3
CHEMBL418192,Cc1ccccc1OCC(O)CNCCOc1ccc(C(N)=O)cc1,2.5,344.41100000000006,1.5022199999999999,93.81,5,3,10,2,0.3157894736842105,25,2
CHEMBL266510,COc1ccc(Cl)cc1[C@]1(F)C(=O)Nc2cc(C(F)(F)F)ccc21,37.0,359.706,4.532600000000002,38.33,2,1,2,2,0.1875,24,3
CHEMBL76,CCN(CC)CCCC(C)Nc1ccnc2cc(Cl)ccc12,570.0,319.88000000000005,4.810600000000004,28.16,3,1,8,2,0.5,22,2
CHEMBL1752,Cn1c(=O)c2c(ncn2CC(O)CO)n(C)c1=O,1.7,254.24599999999998,-2.213099999999999,102.28,8,2,3,2,0.5,18,2
CHEMBL44354,CC(C)(O/N=C(\C(=O)N[C@@H]1C(=O)N2C(C(=O)[O-])=C(C[n+]3ccccc3)CS[C@H]12)c1csc(N)n1)C(=O)O,1.8,546.5870000000002,-1.2991999999999946,191.22,11,3,9,2,0.3181818181818182,37,4
CHEMBL608806,CCOC(=O)[C@@H]1C2CCC(C[C@@H]1OC(=O)c1ccccc1)N2C,1.5,317.385,2.2578000000000005,55.84,5,0,4,1,0.5555555555555556,23,3
CHEMBL88,O=P1(N(CCCl)CCCl)NCCCO1,8.0,261.089,1.884,41.57000000000001,2,1,5,0,1.0,14,1
CHEMBL551978,CCOc1ccc(/C=C2\NCCc3cc(OCC)c(OCC)cc32)cc1OCC,9.3,397.51500000000016,4.925200000000005,48.95,5,1,9,2,0.4166666666666667,29,3
CHEMBL1614662,CC(C)(C)[C@H](NC(=O)[C@H](CC1CCCC1)CN(O)C=O)C(=O)N1CCN(Cc2ccc3c(c2)OCO3)CC1,9.4,530.6660000000002,2.634500000000002,111.65,7,2,10,1,0.6785714285714286,38,4
CHEMBL558,Cc1cccc(C)c1OCC(C)N,9.9,179.26299999999998,2.0294399999999997,35.25,2,1,3,1,0.45454545454545453,13,1
CHEMBL71,CN(C)CCCN1c2ccccc2Sc2ccc(Cl)cc21,11.0,318.8730000000001,4.894400000000004,6.48,3,0,4,2,0.29411764705882354,21,3
CHEMBL1614655,CCCC[C@@H]1CC(=O)[C@]2(O)O[C@@H]3[C@@H](NC)[C@@H](O)[C@@H](NC)[C@H](O)[C@H]3O[C@@H]2O1,11.0,374.4340000000001,-1.7552999999999952,129.51000000000002,9,5,5,0,0.9411764705882353,26,3
CHEMBL374478,CO[C@H]1/C=C/O[C@@]2(C)Oc3c(C)c(O)c4c(O)c(c(/C=N/N5CCN(C)CC5)c(O)c4c3C2=O)NC(=O)/C(C)=C\C=C\[C@H](C)[C@H](O)[C@@H](C)[C@@H](O)[C@@H](C)[C@H](OC(C)=O)[C@@H]1C,3.8,822.9530000000003,4.335420000000004,220.14999999999995,15,6,4,2,0.5348837209302325,59,6
CHEMBL315795,Cc1ncsc1CCCl,4.5,161.65699999999998,2.2328200000000002,12.89,2,0,2,1,0.5,9,1
CHEMBL1148,Cc1cccc(Nc2ccncc2S(=O)(=O)NC(=O)NC(C)C)c1,5.1,348.4280000000001,2.5299199999999997,100.19,5,3,5,2,0.25,24,2
CHEMBL1360,COc1ccc(CC2c3cc(OC)c(OC)cc3CC[N+]2(C)CCC(=O)OCCCCCOC(=O)CC[N+]2(C)CCc3cc(OC)c(OC)cc3C2Cc2ccc(OC)c(OC)c2)cc1OC,0.31,929.161,8.06550000000001,126.44000000000004,12,0,24,4,0.5094339622641509,67,6
CHEMBL1201248,COc1ccc(C[C@@H]2c3cc(OC)c(OC)cc3CC[N@+]2(C)CCC(=O)OCCCCCOC(=O)CC[N@@+]2(C)CCc3cc(OC)c(OC)cc3[C@H]2Cc2ccc(OC)c(OC)c2)cc1OC,0.42,929.161,8.06550000000001,126.44000000000004,12,0,24,4,0.5094339622641509,67,6
CHEMBL453,Cc1noc(NS(=O)(=O)c2ccc(N)cc2)c1C,7.4,267.31,1.67444,98.22,5,2,3,2,0.18181818181818182,18,2
CHEMBL387675,CCCCCCCCCC(=O)N[C@@H](Cc1c[nH]c2ccccc12)C(=O)N[C@@H](CC(N)=O)C(=O)N[C@@H](CC(=O)O)C(=O)N[C@@H]1C(=O)NCC(=O)N[C@@H](CCCN)C(=O)N[C@@H](CC(=O)O)C(=O)N[C@H](C)C(=O)N[C@@H](CC(=O)O)C(=O)NCC(=O)N[C@H](CO)C(=O)N[C@@H]([C@H](C)CC(=O)O)C(=O)N[C@@H](CC(=O)c2ccccc2N)C(=O)O[C@@H]1C,8.1,1620.6930000000004,-5.621799999999983,702.02,24,22,35,3,0.5277777777777778,115,4
CHEMBL671,S=P(N1CC1)(N1CC1)N1CC1,2.7,189.22399999999996,0.15770000000000017,9.03,1,0,3,0,1.0,11,3
CHEMBL1200937,CCN(CC)CCS(=O)(=O)[C@@H]1CCN2C(=O)c3coc(n3)CC(=O)C[C@H](O)/C=C(C)/C=C/CNC(=O)/C=C/[C@@H](C)[C@@H](C(C)C)OC(=O)[C@@H]12,0.74,690.8600000000002,2.269300000000002,176.42,11,2,7,1,0.6176470588235294,48,3
CHEMBL777,O=C(O)[C@H]1/C(=C/CO)O[C@@H]2CC(=O)N21,0.9,199.16199999999998,-1.0956,87.07000000000001,4,2,2,0,0.5,14,2
CHEMBL472,COc1ccc(Cl)cc1C(=O)NCCc1ccc(S(=O)(=O)NC(=O)NC2CCCCC2)cc1,2.2,494.0130000000003,3.641700000000003,113.6,5,3,8,2,0.391304347826087,33,3
CHEMBL465,CCCCCc1cc(O)c2c(c1)OC(C)(C)[C@@H]1CCC(C)=C[C@@H]21,33.0,314.46900000000005,5.735800000000006,29.46,2,1,4,1,0.6190476190476191,23,3
CHEMBL219410,CO[C@H]1C[C@@H]2CC[C@@H](C)[C@@](O)(O2)C(=O)C(=O)N2CCCC[C@H]2C(=O)O[C@H]([C@H](C)C[C@@H]2CC[C@H](n3cnnn3)[C@H](OC)C2)CC(=O)[C@H](C)/C=C(\C)[C@@H](O)[C@@H](OC)C(=O)[C@H](C)C[C@H](C)/C=C/C=C/C=C/1C,35.0,966.227,6.047500000000008,218.79999999999993,16,2,7,1,0.7307692307692307,69,5
CHEMBL441809,CCC(C)(C)NCC(O)COc1ccccc1C(=O)CCc1ccccc1,1.5,369.5050000000001,4.020000000000003,58.559999999999995,4,2,11,2,0.43478260869565216,27,2
CHEMBL108358,NC(=O)c1csc([C@@H]2O[C@H](CO)[C@@H](O)[C@H]2O)n1,5.9,260.271,-1.6040000000000003,125.90000000000002,7,4,3,1,0.5555555555555556,17,2
CHEMBL979,CCCC(C)(COC(N)=O)COC(N)=O,14.0,218.25299999999996,0.9834000000000005,104.63999999999999,4,2,6,0,0.7777777777777778,15,0
CHEMBL53463,COc1cccc2c1C(=O)c1c(O)c3c(c(O)c1C2=O)C[C@@](O)(C(=O)CO)C[C@@H]3O[C@H]1C[C@H](N)[C@H](O)[C@H](C)O1,32.0,543.5250000000003,0.0012999999999993017,206.07,12,6,5,2,0.4444444444444444,39,5
CHEMBL549,CN(C)CCCC1(c2ccc(F)cc2)OCc2cc(C#N)ccc21,33.0,324.39900000000006,3.812980000000003,36.26,3,0,5,2,0.35,24,3
CHEMBL286494,Cc1cc(O)c2c(=O)c3c(O)cc(O)c4c5c(O)cc(O)c6c(=O)c7c(O)cc(C)c8c1c2c(c34)c(c78)c65,42.0,504.4500000000004,5.081040000000003,155.52,8,6,0,8,0.06666666666666667,38,8
CHEMBL1591,CN(C)[C@@H]1C(O)=C(C(N)=O)C(=O)[C@@]2(O)C(O)=C3C(=O)c4c(O)ccc(Cl)c4[C@@H](O)[C@H]3C[C@@H]12,12.0,464.8580000000002,0.2649000000000006,181.61999999999998,9,6,2,1,0.38095238095238093,32,4
CHEMBL86715,OC(CCN1CCCC1)(c1ccccc1)C1CCCCC1,12.0,287.4470000000001,3.940400000000003,23.47,2,1,5,1,0.6842105263157895,21,3
CHEMBL654,CN1CCN2c3ncccc3Cc3ccccc3C2C1,15.0,265.36,2.4789000000000003,19.37,3,0,0,2,0.35294117647058826,20,4
CHEMBL1166,CC1CNc2c(cccc2S(=O)(=O)N[C@@H](CCCNC(=N)N)C(=O)N2CC[C@@H](C)C[C@@H]2C(=O)O)C1,0.4,508.6450000000003,0.9125700000000025,177.71,6,6,9,1,0.6086956521739131,35,3
CHEMBL878,Cc1ccccc1N1C(=O)c2cc(S(N)(=O)=O)c(Cl)cc2NC1C,20.0,365.8420000000001,2.714120000000001,92.5,4,2,2,2,0.1875,24,3
CHEMBL1200500,CCC(=O)OCC(=O)[C@@]1(OC(=O)CC)[C@@H](C)C[C@H]2[C@@H]3CCC4=CC(=O)C=C[C@]4(C)[C@@]3(Cl)[C@@H](O)C[C@@]21C,0.5,521.0500000000003,4.086800000000004,106.97000000000001,7,1,6,0,0.7142857142857143,36,4
CHEMBL1043,Nc1ccc(S(=O)(=O)c2ccc(N)cc2)cc1,22.0,248.30700000000002,1.6838000000000002,86.18,4,2,2,2,0.0,17,2
CHEMBL3301673,CCCCCNC(=O)c1coc([C@@H]2[C@H]3CC[C@H](O3)[C@@H]2Cc2ccccc2CCC(=O)O)n1,22.0,440.54000000000025,4.1155000000000035,101.66,5,2,11,2,0.56,32,4
CHEMBL13280,CN1C(=O)CN=C(c2ccccc2F)c2cc([N+](=O)[O-])ccc21,25.0,313.28800000000007,2.5477000000000007,75.81,4,0,2,2,0.125,23,3
CHEMBL64391,CCC(C)n1ncn(-c2ccc(N3CCN(c4ccc(OCC5COC(Cn6cncn6)(c6ccc(Cl)cc6Cl)O5)cc4)CC3)cc2)c1=O,25.0,705.6470000000002,5.5773000000000055,104.70000000000002,12,0,11,5,0.37142857142857144,49,7
CHEMBL499808,CCC(C)CC(C)CCCCCCCCC(=O)N[C@H]1C[C@@H](O)[C@@H](NCCN)NC(=O)[C@@H]2[C@@H](O)CCN2C(=O)[C@H]([C@H](O)CCN)NC(=O)[C@H]([C@H](O)[C@@H](O)c2ccc(O)cc2)NC(=O)[C@@H]2C[C@@H](O)CN2C(=O)[C@H]([C@@H](C)O)NC1=O,27.0,1093.3310000000001,-3.31190000000001,412.03,18,16,23,1,0.75,77,4
CHEMBL138225,CC(C)(C)NC(=O)[C@H]1CC[C@H]2[C@@H]3CC=C4C=C(C(=O)O)CC[C@]4(C)[C@H]3CC[C@]12C,27.0,399.5750000000003,5.101000000000004,66.4,2,2,2,0,0.76,29,4
CHEMBL877,NC[C@H]1CC[C@H](C(=O)O)CC1,2.3,157.21299999999997,0.8361000000000001,63.32000000000001,2,2,2,0,0.875,11,1
CHEMBL44884,CC[C@@H](CO)NCCN[C@@H](CC)CO,3.1,204.314,-0.292599999999999,64.52,4,4,9,0,1.0,14,0
CHEMBL1024,O=P1(NCCCl)OCCCN1CCCl,6.6,261.08899999999994,1.884,41.57,2,1,5,0,1.0,14,1
CHEMBL359164,Nc1ccn([C@@H]2CO[C@H](CO)O2)c(=O)n1,82.0,213.19299999999998,-1.3107000000000002,99.60000000000001,7,2,2,1,0.5,15,2
CHEMBL7568,CCN(CC)CCCC(C)Nc1c2ccc(Cl)cc2nc2ccc(OC)cc12,120.0,399.9660000000002,5.972400000000006,37.39,4,1,9,3,0.43478260869565216,28,3
CHEMBL923,O=P(O)(O)C(O)(Cc1cccnc1)P(=O)(O)O,200.0,283.113,-0.3744000000000002,148.18,4,5,4,1,0.2857142857142857,17,1
CHEMBL633,CCCCc1oc2ccccc2c1C(=O)c1cc(I)c(OCCN(CC)CC)c(I)c1,820.0,645.3190000000002,6.936200000000007,42.68,4,0,11,3,0.4,31,3
CHEMBL444633,CO[C@H]1/C=C/O[C@@]2(C)Oc3c(C)c(O)c4c(c3C2=O)C2=NC3(CCN(CC(C)C)CC3)NC2=C(NC(=O)/C(C)=C\C=C\[C@H](C)[C@H](O)[C@@H](C)[C@@H](O)[C@@H](C)[C@H](OC(C)=O)[C@@H]1C)C4=O,37.0,847.0190000000003,4.615720000000003,205.54999999999995,14,5,4,1,0.5869565217391305,61,6
CHEMBL1101,OC(CCN1CCCCC1)(c1ccccc1)C1CC2C=CC1C2,24.0,311.46900000000005,3.9624000000000033,23.47,2,1,5,1,0.6190476190476191,23,4
CHEMBL1614651,NCCCNc1ccc2c(CNCCO)nn3c4c(O)ccc(O)c4c(=O)c1c23,32.0,397.4350000000001,0.6924999999999994,145.14,9,6,8,4,0.3,29,4
CHEMBL1513,CCCCC1=NC2(CCCC2)C(=O)N1Cc1ccc(-c2ccccc2-c2nn[nH]n2)cc1,14.0,428.5400000000001,4.777400000000004,87.13000000000001,5,1,7,3,0.4,32,5
CHEMBL121,CN(CCOc1ccc(CC2SC(=O)NC2=O)cc1)c1ccccn1,3.9,357.435,2.490900000000001,71.53,6,1,7,2,0.2777777777777778,25,3
CHEMBL862,N=C(N)NC(=O)Cc1c(Cl)cccc1Cl,15.0,246.097,1.5455700000000003,78.97,2,3,2,1,0.1111111111111111,15,1
CHEMBL1619,Nc1nc(Cl)nc2c1ncn2[C@H]1C[C@H](O)[C@@H](CO)O1,16.0,285.69100000000003,-0.29740000000000044,119.31000000000002,8,3,2,2,0.5,19,3
CHEMBL1201752,C/C(=C\c1csc(C)n1)[C@@H]1C[C@@H]2O[C@]2(C)CCC[C@H](C)[C@H](O)[C@@H](C)C(=O)C(C)(C)[C@@H](O)CC(=O)N1,17.0,506.7090000000003,4.050520000000002,112.05000000000001,7,3,2,1,0.7407407407407407,35,3
CHEMBL639,CN1CCCC(n2nc(Cc3ccc(Cl)cc3)c3ccccc3c2=O)CC1,22.0,381.9070000000002,4.297500000000004,38.13,4,0,3,3,0.36363636363636365,27,4
CHEMBL55,N=C(N)c1ccc(OCCCCCOc2ccc(C(=N)N)cc2)cc1,25.0,340.42699999999996,2.8828400000000007,118.2,4,4,10,2,0.2631578947368421,25,2
CHEMBL628,CC(=O)CCCCn1c(=O)c2c(ncn2C)n(C)c1=O,1.2,278.31200000000007,0.19300000000000006,78.89,7,0,5,2,0.5384615384615384,20,2
CHEMBL428690,CN1CC[C@H](c2c(O)cc(O)c3c(=O)cc(-c4ccccc4Cl)oc23)[C@H](O)C1,5.2,401.8460000000001,3.3046000000000015,94.14,6,3,2,3,0.2857142857142857,28,4
CHEMBL206025,CCCCCN(CCCOC)C(=O)C(CCC(=O)O)NC(=O)c1ccc(Cl)c(Cl)c1,5.2,461.3860000000001,4.0119000000000025,95.94,4,2,14,1,0.5714285714285714,30,1
CHEMBL766,CC1(C)C[C@@H]1C(=O)N/C(=C\CCCCSC[C@H](N)C(=O)O)C(=O)O,0.86,358.46000000000004,1.4326000000000003,129.72,5,4,11,0,0.6875,24,1
CHEMBL499,CC(C)(C)NC[C@H](O)COc1nsnc1N1CCOCC1,2.2,316.4270000000002,0.5024999999999997,79.74,8,2,6,1,0.8461538461538461,21,2
CHEMBL637,COc1ccc(C(CN(C)C)C2(O)CCCCC2)cc1,5.0,277.4079999999999,3.0356000000000014,32.7,3,1,5,1,0.6470588235294118,20,2
CHEMBL895,Oc1ccc2c3c1O[C@H]1[C@@H](O)CC[C@@]4(O)[C@@H](C2)N(CC2CCC2)CC[C@]314,3.7,357.4500000000003,1.7072999999999998,73.16,5,3,2,1,0.7142857142857143,26,6
CHEMBL468,O=C1CCC(N2C(=O)c3ccccc3C2=O)C(=O)N1,4.7,258.23299999999995,0.08779999999999993,83.55000000000001,4,1,1,1,0.23076923076923078,19,3
CHEMBL185073,CC(=O)O[C@H]1C[C@@H]2CC[C@@H]3[C@H](CC[C@@]4(C)[C@H]3C[C@H]([N+]3(C)CCCCC3)[C@@H]4OC(C)=O)[C@@]2(C)C[C@@H]1[N+]1(C)CCCCC1,1.9,572.8750000000001,6.110500000000007,52.6,4,0,4,0,0.9428571428571428,41,6
CHEMBL113,Cn1c(=O)c2c(ncn2C)n(C)c1=O,4.9,194.194,-1.0293,61.82,6,0,0,2,0.375,14,2
CHEMBL36633,NC(=O)CN1CC(O)CC1=O,7.5,158.15699999999995,-1.9350999999999996,83.63,3,2,2,0,0.6666666666666666,11,1
CHEMBL33,C[C@H]1COc2c(N3CCN(C)CC3)c(F)cc3c(=O)c(C(=O)O)cn1c23,8.8,361.37300000000005,1.5439999999999998,75.00999999999999,6,1,2,2,0.4444444444444444,26,4
CHEMBL1614636,C[C@@H]1CC2=CC(=O)CC[C@]2(C)[C@H]2CC[C@]3(C)[C@@H](O)CC[C@H]3[C@@]21C,0.65,316.48500000000007,4.515300000000004,37.3,2,1,0,0,0.8571428571428571,23,4
CHEMBL506,COc1cc(NC(C)CCCN)c2ncccc2c1,7.1,259.35299999999995,2.782700000000001,60.17,4,2,6,2,0.4,19,2
CHEMBL649,CC(C)(C)NCC(O)COc1cccc2c1C[C@H](O)[C@H](O)C2,9.2,309.406,0.6347999999999998,81.95,5,4,5,1,0.6470588235294118,22,2
CHEMBL503,CC[C@H](C)C(=O)O[C@H]1C[C@@H](C)C=C2C=C[C@H](C)[C@H](CC[C@@H]3C[C@@H](O)CC(=O)O3)[C@H]21,1.4,404.54700000000025,4.195500000000004,72.83,5,1,6,0,0.75,29,3
CHEMBL3991199,C[C@@](O)(/C=C/[C@@H]1CC=CC(=O)O1)[C@@H](C[C@@H](O)/C=C\C=C/C=C/CO)OP(=O)(O)O,1.5,430.3900000000001,1.0550999999999997,153.75,7,5,11,0,0.42105263157894735,29,1
CHEMBL3183075,CNC(=C[N+](=O)[O-])NCCSCc1csc(CN(C)C)n1,1.5,331.4670000000001,1.3224999999999998,83.33,8,2,10,1,0.5833333333333334,21,1
CHEMBL1614658,NC(=O)OC[C@@H]1[C@H](NC(=O)/C(=N\OCC(=O)O)c2csc(N)n2)C(=O)N1S(=O)(=O)O,1.6,466.41000000000014,-2.8756999999999975,253.9,12,5,9,1,0.3333333333333333,30,2
CHEMBL1214,CC1(C)S[C@@H]2[C@H](NC(=O)C(C(=O)O)c3ccccc3)C(=O)N2[C@H]1C(=O)O,1.1,378.4060000000001,0.4864999999999999,124.01,5,3,5,1,0.4117647058823529,26,3
CHEMBL1521,CCN(C(C)=O)c1cccc(-c2ccnc3c(C#N)cnn23)c1,1.1,305.341,2.6407800000000003,74.28999999999999,5,0,3,3,0.17647058823529413,23,3
CHEMBL444929,CC(C)[C@@H](CC[C@@H](C)[C@H]1CC[C@H]2[C@H]3[C@H](CC[C@@]21C)[C@@]1(C)CC[C@H](NCCCNCCCCN)C[C@@H]1C[C@H]3O)OS(=O)(=O)O,9.5,627.9770000000007,5.553200000000005,133.91,7,5,16,0,1.0,43,4
CHEMBL22,COc1cc(Cc2cnc(N)nc2N)cc(OC)c1OC,9.6,290.32300000000004,1.2575999999999998,105.51,7,2,5,2,0.2857142857142857,21,2
CHEMBL1086218,C/C=C/C[C@@H](C)C(=O)[C@H]1C(=O)N[C@@H](C(C)C)C(=O)N(C)CC(=O)N(C)[C@@H](CC(C)C)C(=O)N[C@@H](C(C)C)C(=O)N(C)[C@@H](CC(C)C)C(=O)N[C@@H](C)C(=O)N[C@H](C)C(=O)N(C)[C@@H](CC(C)C)C(=O)N(C)[C@@H](CC(C)C)C(=O)N(C)[C@@H](C(C)C)C(=O)N1C,10.0,1214.6459999999988,3.7232000000000065,275.64000000000004,12,4,15,0,0.7777777777777778,86,1
CHEMBL3545252,CC(=O)O[C@@]12CO[C@@H]1C[C@H](O)[C@@]1(C)C(=O)[C@H](O)C3=C(C)[C@@H](OC(=O)[C@H](O)[C@@H](NC(=O)OC(C)(C)C)c4ccccc4)C[C@@](O)([C@@H](OC(=O)c4ccccc4)[C@@H]12)C3(C)C.O.O.O,11.0,861.9350000000002,0.7855000000000025,318.94999999999993,14,5,8,2,0.5581395348837209,61,6
CHEMBL76370,CCCCCNC(=N)N/N=C/c1c[nH]c2ccc(OC)cc12,11.0,301.3940000000001,2.8145700000000007,85.29,3,4,7,2,0.375,22,2
CHEMBL277474,Cc1cc(=O)n(-c2ccccc2)n1C,12.0,188.23000000000002,1.4844199999999999,26.93,3,0,1,2,0.18181818181818182,14,2
CHEMBL652,O=C(NCC1CCCCN1)c1cc(OCC(F)(F)F)ccc1OCC(F)(F)F,12.0,414.34600000000006,3.4407000000000014,59.59,4,2,7,1,0.5882352941176471,28,2
CHEMBL98,O=C(CCCCCCC(=O)Nc1ccccc1)NO,0.76,264.32500000000005,2.4711,78.43,3,3,8,1,0.42857142857142855,19,1
CHEMBL1201195,CO[C@@]1(NC(=O)CSCC#N)C(=O)N2C(C(=O)O)=C(CSc3nnnn3C)CS[C@@H]21,1.5,471.54600000000016,-0.7283199999999983,163.32999999999998,12,2,9,1,0.5333333333333333,30,3
CHEMBL339323,CC(=N)N1CC[C@H](SC2=C(C(=O)O)N3C(=O)[C@H]([C@@H](C)O)[C@H]3C2)C1,0.96,339.4170000000001,0.6987700000000001,104.92999999999999,5,3,4,0,0.6666666666666666,23,3
CHEMBL972,C#CCN(C)[C@H](C)Cc1ccccc1,1.3,187.286,2.1826,3.24,1,0,4,1,0.38461538461538464,14,1
CHEMBL796,COC(=O)C(c1ccccc1)C1CCCCN1,4.8,233.31099999999995,2.0852999999999997,38.33,3,1,3,1,0.5,17,2
CHEMBL1614659,COc1cc(CC(=O)NCC(=O)N(CCC(=O)O)Cc2ccc(CO)c(CO)c2)ccc1NC(=O)Nc1ccccc1C,1.6,592.6490000000002,2.7944200000000006,177.53,7,6,14,3,0.2903225806451613,43,3
CHEMBL34259,CN(Cc1cnc2nc(N)nc(N)c2n1)c1ccc(C(=O)N[C@@H](CCC(=O)O)C(=O)O)cc1,3.9,454.44700000000023,0.2684000000000012,210.53999999999996,10,5,9,3,0.25,33,3
CHEMBL450449,COc1cc2c(cc1O)CCN[C@]21CS[C@@H]2c3c(OC(C)=O)c(C)c4c(c3[C@H](COC1=O)N1[C@@H](O)[C@@H]3Cc5cc(C)c(OC)c(O)c5[C@H]([C@H]21)N3C)OCO4,44.0,761.85,3.413240000000002,168.72,15,4,3,3,0.48717948717948717,54,10
CHEMBL523,O=C1CN=C(c2ccccc2)c2cc(Cl)ccc2N1,46.0,270.71899999999994,3.129500000000001,41.46,2,1,1,2,0.06666666666666667,19,3
CHEMBL1764,COc1ccc2c(c1)N(C[C@H](C)CN(C)C)c1ccccc1S2,30.0,328.481,4.495600000000004,15.71,4,0,5,2,0.3684210526315789,23,3
CHEMBL376140,CN(C)c1cc(NC(=O)CNC(C)(C)C)c(O)c2c1C[C@H]1C[C@H]3[C@H](N(C)C)C(O)=C(C(N)=O)C(=O)[C@@]3(O)C(O)=C1C2=O,48.0,585.6580000000004,0.5132000000000028,205.75999999999996,11,7,6,1,0.5172413793103449,42,4
CHEMBL265502,Cc1ccc(C(=O)Nc2ccc(S(=O)(=O)O)c3cc(S(=O)(=O)O)cc(S(=O)(=O)O)c23)cc1NC(=O)c1cccc(NC(=O)Nc2cccc(C(=O)Nc3cc(C(=O)Nc4ccc(S(=O)(=O)O)c5cc(S(=O)(=O)O)cc(S(=O)(=O)O)c45)ccc3C)c2)c1,1200.0,1297.302,6.743240000000005,483.7499999999999,17,12,16,8,0.0392156862745098,86,8
CHEMBL109,CCCC(CCC)C(=O)O,12.0,144.214,2.2874,37.3,1,1,5,0,0.875,10,0
CHEMBL553025,CCC1=C[C@@H]2CN(C1)Cc1c([nH]c3ccccc13)[C@@](C(=O)OC)(c1cc3c(cc1OC)N(C)[C@H]1[C@@](O)(C(=O)OC)[C@H](OC(C)=O)[C@]4(CC)C=CCN5CC[C@]31[C@@H]54)C2,18.0,778.9469999999999,4.753600000000004,133.87,11,2,7,3,0.5333333333333333,57,9
CHEMBL1230227,C[C@@H]1O[C@@H](O[C@H]2[C@@H](O)C[C@H](O[C@H]3C[C@](O)(C(=O)CO)Cc4c(O)c5c(c(O)c43)C(=O)c3ccccc3C5=O)O[C@H]2C)C[C@H](N)[C@@H]1O,21.0,643.6420000000002,-0.1262999999999988,235.52999999999997,14,7,6,2,0.53125,46,6
CHEMBL83063,CC(NCCc1ccc(O)cc1)C(O)c1ccc(O)cc1,2.6,287.35900000000004,2.3520000000000003,72.72,4,4,6,2,0.29411764705882354,21,2
CHEMBL106,OC(Cn1cncn1)(Cn1cncn1)c1ccc(F)cc1F,30.0,306.276,0.7357999999999993,81.64999999999999,7,1,5,3,0.23076923076923078,22,3
CHEMBL1096237,COC(=O)O[C@@]12CO[C@@H]1C[C@H](O)[C@@]1(C)C(=O)[C@H](OC(C)=O)C3=C(C)[C@@H](OC(=O)[C@H](O)[C@@H](NC(=O)c4ccccc4)c4ccccc4)C[C@@](O)([C@@H](OC(=O)c4ccccc4)[C@@H]12)C3(C)C,31.0,869.9170000000003,3.955600000000003,230.51999999999998,15,4,10,3,0.44680851063829785,63,7
CHEMBL1541,C=CC1=C(C(=O)O)N2C(=O)[C@@H](NC(=O)/C(=N\OCC(=O)O)c3csc(N)n3)[C@H]2SC1,3.2,453.45800000000014,-0.5447999999999991,184.51,10,4,8,1,0.25,30,3
CHEMBL1572,CCN[C@@H]1C[C@H](N)[C@@H](O[C@H]2OC(CN)=CC[C@H]2N)[C@H](O)[C@H]1O[C@H]1OC[C@](C)(O)[C@H](NC)[C@H]1O,3.2,475.58700000000016,-3.200699999999992,199.72999999999996,12,8,8,0,0.9047619047619048,33,3
CHEMBL820,CS(=O)(=O)OCCCCOS(C)(=O)=O,3.4,246.30599999999998,-0.2809999999999997,86.74000000000001,6,0,7,0,1.0,14,0
CHEMBL3707182,C=C[C@@]1(O)C[N+]2(C)CC[C@H]1C[C@@H]2[C@@H](O)c1ccnc2ccc(OC)cc12,6.7,355.45800000000014,2.4327000000000005,62.58,4,2,4,2,0.47619047619047616,26,5
CHEMBL1614648,C#C[C@]1(O)CC[C@H]2[C@@H]3CCc4cc(OS(=O)(=O)O)ccc4[C@H]3CC[C@@]21C,8.4,376.47400000000016,3.0886000000000013,83.83,4,2,2,1,0.6,26,4
CHEMBL657,CN(C)CCOC(c1ccccc1)c1ccccc1,9.3,255.36100000000002,3.3542000000000023,12.47,2,0,6,2,0.29411764705882354,19,2
CHEMBL1614647,C#C[C@]1(OS(=O)(=O)O)CC[C@H]2[C@@H]3CCc4cc(O)ccc4[C@H]3CC[C@@]21C,9.3,376.4740000000001,3.439700000000002,83.83000000000001,4,2,2,1,0.6,26,4
CHEMBL898,O=C(O)c1cc(-c2ccc(F)cc2F)ccc1O,10.0,250.19999999999996,3.035600000000001,57.53,2,2,2,2,0.0,18,2
CHEMBL1027,Cc1ccsc1C(=CCCN1CCC[C@@H](C(=O)O)C1)c1sccc1C,10.0,375.5590000000001,5.044840000000004,40.540000000000006,4,1,6,2,0.45,25,3
CHEMBL1726,COC(=O)C1=C(C)NC(C)=C(C(=O)OCC(C)C)C1c1ccccc1[N+](=O)[O-],11.0,388.4200000000001,3.201800000000002,107.77000000000001,7,1,6,1,0.4,28,2
CHEMBL170,C=C[C@H]1CN2CC[C@H]1C[C@H]2[C@H](O)c1ccnc2ccc(OC)cc12,11.0,324.4240000000001,3.1732000000000014,45.59,4,1,4,2,0.45,24,5
CHEMBL343448,C/C=C1\NC(=O)[C@H]2CSSCC/C=C/[C@H](CC(=O)N[C@H](C(C)C)C(=O)N2)OC(=O)[C@H](C(C)C)NC1=O,11.0,540.7080000000002,1.4296000000000009,142.70000000000002,8,4,2,0,0.625,36,2
CHEMBL924,O=P(O)(O)C(O)(Cn1ccnc1)P(=O)(O)O,11.0,272.09,-1.1154000000000002,153.10999999999999,5,5,4,1,0.4,16,1
CHEMBL560976,NC[C@@H]1CC[C@@H](N)[C@@H](O[C@@H]2[C@@H](N)C[C@@H](N)[C@H](O[C@H]3O[C@H](CO)[C@@H](O)[C@H](N)[C@H]3O)[C@H]2O)O1,2.4,451.52100000000013,-5.266599999999998,247.93999999999994,13,9,6,0,1.0,31,3
CHEMBL1079,Clc1ccc2nsnc2c1NC1=NCCN1,2.4,253.718,1.7157999999999993,62.2,6,2,1,2,0.2222222222222222,16,3
CHEMBL615,CC1(C)S[C@@H]2[C@H](NC(=O)COc3ccccc3)C(=O)N2[C@H]1C(=O)O,0.84,350.3960000000001,0.6970999999999998,95.94000000000001,5,2,5,1,0.4375,24,3
CHEMBL2103764,CO/N=C(\C(=O)N[C@@H]1C(=O)N2C(C(=O)O)=C(C)CS[C@H]12)c1csc(N)n1,2.1,397.43800000000005,-0.16569999999999918,147.20999999999998,9,3,5,1,0.35714285714285715,26,3
CHEMBL64360,Cc1cc(-n2cccc2)c(S(C)(=O)=O)cc1C(=O)N=C(N)N,2.2,320.3740000000001,0.6028200000000001,120.53999999999999,4,2,3,2,0.14285714285714285,22,2
CHEMBL905,CN(C)CCc1c[nH]c2ccc(Cn3cncn3)cc12,2.2,269.35200000000003,1.9118000000000002,49.74,4,1,5,3,0.3333333333333333,20,3
CHEMBL1739,COc1ccc2cc1Oc1cc3c(cc1OC)CC[N+](C)(C)[C@H]3Cc1ccc(cc1)Oc1c(OC)c(OC)cc3c1[C@@H](C2)[N+](C)(C)CC3.[I-].[I-],5.1,906.6399999999999,1.4596000000000033,55.38000000000001,6,0,4,4,0.4,50,8
CHEMBL1751,C[C@H]1O[C@@H](O[C@H]2[C@@H](O)C[C@H](O[C@H]3[C@@H](O)C[C@H](O[C@H]4CC[C@]5(C)[C@H]6C[C@@H](O)[C@]7(C)[C@@H](C8=CC(=O)OC8)CC[C@]7(O)[C@@H]6CC[C@@H]5C4)O[C@@H]3C)O[C@@H]2C)C[C@H](O)[C@@H]1O,38.0,780.9490000000003,2.218100000000003,203.05999999999997,14,6,7,0,0.926829268292683,55,8
CHEMBL123558,CN1CCN(CCCCN2C(=O)CN(/N=C/c3ccc(-c4ccc(Cl)cc4)o3)C2=O)CC1,79.0,457.9620000000003,3.2257000000000025,72.6,6,0,8,2,0.43478260869565216,32,4
CHEMBL991,Cc1cn([C@H]2C=C[C@@H](CO)O2)c(=O)[nH]c1=O,1.4,224.21599999999998,-0.7090799999999999,84.32,5,2,2,1,0.4,16,2
CHEMBL632,C[C@H]1C[C@H]2[C@@H]3CCC4=CC(=O)C=C[C@]4(C)[C@@]3(F)[C@@H](O)C[C@]2(C)[C@@]1(O)C(=O)CO,5.6,392.4670000000002,1.8957000000000002,94.83,5,3,2,0,0.7272727272727273,28,4
CHEMBL1431,CN(C)C(=N)NC(=N)N,1.7,129.167,-1.034159999999999,88.99000000000001,2,4,0,0,0.5,9,0
CHEMBL1189679,O=C1c2cccc3c2[C@H](CCC3)CN1[C@@H]1CN2CCC1CC2,39.0,296.414,2.656500000000001,23.550000000000004,2,0,1,1,0.631578947368421,22,6
CHEMBL465026,CN1CCOC(c2ccccc2)c2ccccc2C1,5.0,253.345,3.238000000000002,12.47,2,0,1,2,0.29411764705882354,19,3
CHEMBL139,O=C(O)Cc1ccccc1Nc1c(Cl)cccc1Cl,1.4,296.153,4.364100000000001,49.33,2,2,4,2,0.07142857142857142,19,2
CHEMBL539216,CS(=O)(=O)N(CCO)c1c(Cl)c(Cl)cc2[nH]c(=O)c(=O)[nH]c12,1.4,368.19800000000015,0.2814999999999999,123.32999999999998,5,3,4,2,0.2727272727272727,22,2
CHEMBL18116,Cc1cccc(N2CC(CO)OC2=O)c1,1.6,207.22899999999998,1.31252,49.77,3,1,2,1,0.36363636363636365,15,2
CHEMBL65794,CO/N=C(\C(=O)N[C@@H]1C(=O)N2C(C(=O)[O-])=C(C[n+]3cccc4c3CCC4)CS[C@H]12)c1csc(N)n1,1.7,514.5890000000003,-1.0438999999999956,153.92000000000002,10,2,7,2,0.36363636363636365,35,5
CHEMBL186,CO/N=C(\C(=O)N[C@@H]1C(=O)N2C(C(=O)[O-])=C(C[N+]3(C)CCCC3)CS[C@H]12)c1csc(N)n1,1.9,480.5720000000003,-1.2798999999999958,150.04000000000002,10,2,7,1,0.5263157894736842,32,4
CHEMBL1311,O=[N+]([O-])O[C@@H]1CO[C@@H]2[C@@H](O)CO[C@H]12,1.9,191.13899999999998,-1.2782000000000002,91.06000000000002,6,1,2,0,1.0,13,2
CHEMBL12856,Nc1cc(-c2ccncc2)c[nH]c1=O,2.0,187.202,1.0191,71.77,3,2,1,2,0.0,14,2
CHEMBL916,CCCCS(=O)(=O)N[C@@H](Cc1ccc(OCCCCC2CCNCC2)cc1)C(=O)O,1.6,440.6060000000003,2.9505,104.73,5,3,14,1,0.6818181818181818,30,2
CHEMBL1502,COc1ccnc(C[S+]([O-])c2nc3cc(OC(F)F)ccc3[nH]2)c1OC,1.9,383.3760000000001,2.8843000000000005,92.32000000000001,6,1,7,3,0.25,26,3
CHEMBL1330,CN1CC[C@]23c4c5ccc(O)c4O[C@H]2[C@@H](O[C@@H]2O[C@H](C(=O)O)[C@@H](O)[C@H](O)[C@H]2O)C=C[C@H]3[C@H]1C5,1.4,461.4670000000001,-0.8853999999999989,149.15,9,5,3,1,0.6086956521739131,33,6
CHEMBL221572,NC[C@H]1O[C@H](O[C@@H]2[C@@H](N)C[C@@H](N)[C@H](O)[C@H]2O[C@@H]2O[C@H](CO)[C@@H](O)[C@H]2O)[C@H](N)[C@@H](O)[C@@H]1O,2.5,454.4770000000001,-6.652299999999997,262.38,14,10,6,0,1.0,31,3
CHEMBL452,O=C1CN=C(c2ccccc2Cl)c2cc([N+](=O)[O-])ccc2N1,38.0,315.716,3.037700000000001,84.6,4,1,2,2,0.06666666666666667,22,3
CHEMBL1738,C[C@@H](CN1CC(=O)NC(=O)C1)N1CC(=O)NC(=O)C1,2.5,268.27299999999997,-2.708299999999996,98.82,6,2,3,0,0.6363636363636364,19,2
CHEMBL207197,NCCCC[C@H](NC(=O)[C@@H](Cc1cc(Br)c(O)c(Br)c1)NC(=O)N1CCC(N2Cc3ccccc3NC2=O)CC1)C(=O)N1CCN(c2ccncc2)CC1,2.5,869.6599999999994,4.407600000000004,176.46999999999997,8,5,12,3,0.4473684210526316,54,6
CHEMBL1180293,C=CC[N+]12CC[C@@]34c5ccccc5N5/C=C6/[C@H]7C[C@H]8[C@@]9(CC[N@@+]8(CC=C)C/C7=C/CO)c7ccccc7N(/C=C(/[C@@H](C[C@@H]31)/C(=C\CO)C2)[C@H]54)[C@@H]69,3.6,666.9100000000002,5.475600000000007,46.94,4,2,6,2,0.45454545454545453,50,11
CHEMBL17350,C[C@@H]([C@@H](O)c1ccc(O)cc1)N1CCC(O)(c2ccccc2)CC1,3.7,327.4240000000001,2.7977000000000007,63.93000000000001,4,3,4,2,0.4,24,3
CHEMBL2303613,CO/N=C(\C(=O)N[C@@H]1C(=O)N2C(C(=O)O)=C(CSc3nc(C)c(CC(=O)O)s3)CS[C@H]12)c1csc(N)n1,4.2,584.683,0.9987200000000007,197.39999999999998,13,4,10,2,0.35,37,4
CHEMBL10316,c1ccc2c(c1)OCC(C1=NCCN1)O2,4.2,204.22899999999996,0.8280999999999994,42.849999999999994,4,1,1,1,0.36363636363636365,15,3
CHEMBL1614654,CCOC(=O)[C@]1(c2ccccc2)CCC=C[C@H]1NC,4.4,259.349,2.4255000000000004,38.33,3,1,4,1,0.4375,19,2
CHEMBL119625,O=C(O)Cn1c(=O)c(=O)[nH]c2cc([N+](=O)[O-])c(-n3ccnc3)cc21,0.78,331.244,-0.13170000000000015,153.12,8,2,4,3,0.07692307692307693,24,3
CHEMBL996,CO[C@@]1(NC(=O)Cc2cccs2)C(=O)N2C(C(=O)O)=C(COC(N)=O)CS[C@@H]21,0.81,427.4600000000002,0.09859999999999991,148.26000000000002,8,3,7,1,0.375,28,3
CHEMBL893,Cc1onc(-c2c(Cl)cccc2Cl)c1C(=O)N[C@@H]1C(=O)N2[C@@H](C(=O)O)C(C)(C)S[C@H]12,0.88,470.3340000000002,3.2021200000000007,112.74,6,2,4,2,0.3684210526315789,30,4
CHEMBL422037,CN(C)/N=N/c1ccc(C(=O)O)cc1,2.5,193.206,1.9451,65.26,3,1,3,1,0.2222222222222222,14,1
CHEMBL35,NS(=O)(=O)c1cc(C(=O)O)c(NCc2ccco2)cc1Cl,2.5,330.749,1.8907,122.63000000000001,5,3,5,2,0.08333333333333333,21,2
CHEMBL64,NNC(=O)c1ccncc1,1.0,137.142,-0.3149000000000006,68.00999999999999,3,2,1,1,0.0,10,1
CHEMBL1082,CC1(C)S[C@@H]2[C@H](NC(=O)[C@H](N)c3ccc(O)cc3)C(=O)N2[C@H]1C(=O)O,1.1,365.4110000000001,0.023700000000000443,132.96,6,4,4,1,0.4375,25,3
CHEMBL188921,COc1cc(OC)c(C(=O)CCCN2CCCC2)c(OC)c1,3.3,307.39,2.7711000000000015,48.0,5,0,8,1,0.5882352941176471,22,2
CHEMBL520642,Nc1nc(/C(=N/O)C(=O)N[C@@H]2C(=O)N3C(C(=O)O)=C(/C=C4\CCN([C@@H]5CCNC5)C4=O)CS[C@H]23)ns1,3.3,534.5800000000003,-1.4421999999999964,203.44,12,5,6,1,0.45,36,5
CHEMBL1537,CC1(C)S[C@@H]2[C@H](NC(=O)[C@H](NC(=O)N3CCNC3=O)c3ccccc3)C(=O)N2[C@H]1C(=O)O,1.2,461.50000000000017,0.0942000000000009,148.14999999999998,6,4,5,1,0.45,32,4
CHEMBL285347,C[C@@H](O)[C@H]1C(=O)N2C(C(=O)[O-])=C(SC3Cn4cnc[n+]4C3)[C@H](C)[C@H]12,1.1,350.4000000000001,-1.8949999999999971,102.36999999999999,7,1,4,1,0.6,24,4
CHEMBL27193,C[C@H](CCc1ccccc1)NC[C@H](O)c1ccc(O)c(C(N)=O)c1,3.3,328.4120000000001,2.1353999999999997,95.57999999999998,4,4,8,2,0.3157894736842105,24,2
CHEMBL1741,CC[C@H]1OC(=O)[C@H](C)[C@@H](O[C@H]2C[C@@](C)(OC)[C@@H](O)[C@H](C)O2)[C@H](C)[C@@H](O[C@@H]2O[C@H](C)C[C@H](N(C)C)[C@H]2O)[C@](C)(OC)C[C@@H](C)C(=O)[C@H](C)[C@@H](O)[C@]1(C)O,2.8,747.9640000000002,2.439700000000004,182.91,14,4,8,0,0.9473684210526315,52,3
CHEMBL210952,CC(=O)[C@H]1CC[C@H]2[C@@H]3CC[C@@H]4C[C@H](O)CC[C@]4(C)[C@H]3CC[C@]12C,4.7,318.5010000000001,4.595200000000005,37.3,2,1,1,0,0.9523809523809523,23,4
CHEMBL44657,COc1cc([C@@H]2c3cc4c(cc3[C@@H](O[C@@H]3O[C@@H]5CO[C@@H](C)O[C@H]5[C@H](O)[C@H]3O)[C@H]3COC(=O)[C@H]23)OCO4)cc(OC)c1O,5.7,588.5620000000004,1.3385999999999993,160.83,13,3,5,2,0.5517241379310345,42,7
CHEMBL681,CCOC(=O)c1cncn1[C@H](C)c1ccccc1,3.5,244.294,2.669100000000001,44.12,4,0,4,2,0.2857142857142857,18,2
CHEMBL650,C[C@H]1C[C@H]2[C@@H]3CC[C@](O)(C(=O)CO)[C@@]3(C)C[C@H](O)[C@@H]2[C@@]2(C)C=CC(=O)C=C12,2.3,374.4770000000001,1.8036,94.83000000000001,5,3,2,0,0.7272727272727273,27,4
CHEMBL1725,COCC(=O)Nc1c(I)c(C(=O)NCC(O)CO)c(I)c(C(=O)N(C)CC(O)CO)c1I,2.6,791.115,-0.4065000000000002,168.66,8,6,11,1,0.5,32,1
CHEMBL133266,CC(C)(C)[C@]1(O)CC2OC(=O)CC23C(=O)OC2OC(=O)[C@H](O)C231,3.2,326.30100000000004,-0.7438,119.36,8,2,0,0,0.8,23,4
CHEMBL600,CC(=O)N[C@@H](CS)C(=O)O,5.5,163.198,-0.4945,66.4,3,3,3,0,0.6,10,0
CHEMBL22242,CCN1CCC[C@H]1CNC(=O)c1c(OC)ccc(Br)c1OC,5.5,371.2750000000001,2.6804000000000006,50.80000000000001,4,1,6,1,0.5625,22,2
CHEMBL1237044,COc1cccc(C2(O)CCCCC2CN(C)C)c1,5.8,263.3809999999999,2.6346000000000007,32.7,3,1,4,1,0.625,19,2
CHEMBL911,Cc1ccc(-c2nc3ccc(C)cn3c2CC(=O)N(C)C)cc1,1.7,307.39700000000005,3.2488400000000013,37.61000000000001,3,0,3,3,0.2631578947368421,23,3
CHEMBL1201220,CC(=O)Nc1c(I)c(NC(C)=O)c(I)c(C(=O)O)c1I,1.8,613.9150000000002,3.1154,95.50000000000001,3,3,3,1,0.18181818181818182,20,1
CHEMBL70,CN1CC[C@]23c4c5ccc(O)c4O[C@H]2[C@@H](O)C=C[C@H]3[C@H]1C5,2.0,285.343,1.1981,52.93000000000001,4,2,0,1,0.5294117647058824,21,5
CHEMBL47072,CCC(=O)C1(c2cccc(O)c2)CCN(C)CC1,2.3,247.33799999999994,2.3347000000000007,40.54,3,1,3,1,0.5333333333333333,18,2
CHEMBL714,CC(C)(C)NCC(O)c1ccc(O)c(CO)c1,2.4,239.315,1.3059999999999998,72.72,4,4,4,1,0.5384615384615384,17,1
CHEMBL107,COc1cc2c(c(OC)c1OC)-c1ccc(OC)c(=O)cc1[C@@H](NC(C)=O)CC2,58.0,399.4430000000002,2.871600000000001,83.09,6,1,5,2,0.36363636363636365,29,3
CHEMBL302795,CN1C(C(=O)Nc2ccccn2)=C(O)c2sccc2S1(=O)=O,67.0,337.38200000000006,1.6425,99.6,6,2,2,2,0.07692307692307693,22,3
CHEMBL485,COc1ccc2c3c1O[C@H]1[C@@H](O)C=C[C@H]4[C@@H](C2)N(C)CC[C@]314,4.0,299.3700000000001,1.5010999999999999,41.93,4,1,1,1,0.5555555555555556,22,5
CHEMBL129,Cc1cn([C@H]2C[C@H](N=[N+]=[N-])[C@@H](CO)O2)c(=O)[nH]c1=O,1.3,267.245,-0.19628000000000012,133.07999999999998,6,2,3,1,0.6,19,2
CHEMBL389621,C[C@]12C[C@H](O)[C@H]3[C@@H](CCC4=CC(=O)CC[C@@]43C)[C@@H]1CC[C@]2(O)C(=O)CO,1.6,362.4660000000002,1.7815999999999996,94.83,5,3,2,0,0.8095238095238095,26,4
CHEMBL188185,CCCC(=O)N1CCCN(c2nc(N)c3cc(OC)c(OC)cc3n2)CC1,2.0,373.45700000000016,2.068,93.81000000000002,7,1,5,2,0.5263157894736842,27,3
CHEMBL607,CCOC(=O)C1(c2ccccc2)CCN(C)CC1,7.9,247.33799999999994,2.2131,29.54,3,0,3,1,0.5333333333333333,18,2
CHEMBL853,Nc1ccn([C@H]2CC[C@@H](CO)O2)c(=O)n1,1.2,211.22099999999998,-0.5046000000000002,90.36999999999999,6,2,2,1,0.5555555555555556,15,2
CHEMBL189,Cc1[nH]c(=O)c(C#N)cc1-c1ccncc1,0.8,211.22400000000002,1.617,69.53999999999999,3,1,1,2,0.08333333333333333,16,2
CHEMBL306713,C[C@@H](O)[C@H]1C(=O)N2C(C(=O)O)=C(SCCOC(N)=O)S[C@H]12,0.8,334.37500000000006,-0.019299999999999984,130.16,7,3,6,0,0.5454545454545454,21,2
CHEMBL1518,CCCc1cc(=O)[nH]c(=S)[nH]1,1.3,170.237,1.38499,48.65,2,2,2,1,0.42857142857142855,11,1
CHEMBL279516,O=C(NC1CCN(CCc2c[nH]c3ccccc23)CC1)c1ccccc1,4.3,347.46200000000016,3.604800000000002,48.13,2,2,5,3,0.3181818181818182,26,4
CHEMBL709,COc1cc2nc(N(C)CCCNC(=O)C3CCCO3)nc(N)c2cc1OC,4.8,389.4560000000002,1.3507000000000002,111.83,8,2,8,2,0.5263157894736842,28,3
CHEMBL567,OCCN1CCN(CCCN2c3ccccc3Sc3ccc(Cl)cc32)CC1,9.4,403.9790000000002,3.942700000000003,29.950000000000003,5,1,6,2,0.42857142857142855,27,4
CHEMBL564,CN(C)CCCN1c2ccccc2Sc2ccccc21,7.9,284.42800000000005,4.241000000000003,6.48,3,0,4,2,0.29411764705882354,20,3
CHEMBL3,CN1CCC[C@H]1c1cccnc1,2.0,162.236,1.8483,16.130000000000003,2,0,1,1,0.5,12,2
CHEMBL481,CCc1c2c(nc3ccc(OC(=O)N4CCC(N5CCCCC5)CC4)cc13)-c1cc3c(c(=O)n1C2)COC(=O)[C@]3(O)CC,9.0,586.6890000000004,4.0911000000000035,114.2,9,1,4,3,0.5151515151515151,43,7
CHEMBL1220,CCS(=O)(=O)CCn1c([N+](=O)[O-])cnc1C,13.0,247.27599999999998,0.5344200000000001,95.1,6,0,5,1,0.625,16,1
CHEMBL576127,O=C1NCC2(CCN(CCc3ccccc3)CC2)O1,14.0,260.337,1.8034999999999997,41.57000000000001,3,1,3,1,0.5333333333333333,19,3
CHEMBL599,Cc1cnc(NC(=O)C2=C(O)c3ccccc3S(=O)(=O)N2C)s1,18.0,351.4090000000001,1.95092,99.59999999999998,6,2,2,2,0.14285714285714285,23,3
CHEMBL277062,O=C1CN=C(c2ccccn2)c2cc(Br)ccc2N1,21.0,316.15799999999996,2.6336000000000004,54.35,3,1,1,2,0.07142857142857142,19,3
CHEMBL941,Cc1ccc(NC(=O)c2ccc(CN3CCN(C)CC3)cc2)cc1Nc1nccc(-c2cccnc2)n1,22.0,493.6150000000002,4.590320000000004,86.28000000000002,7,2,7,4,0.2413793103448276,37,5
CHEMBL644,CC(CN(C)C)CN1c2ccccc2CCc2ccccc21,23.0,294.442,4.121000000000003,6.48,2,0,4,2,0.4,22,3
CHEMBL415,CN(C)CCCN1c2ccccc2CCc2ccc(Cl)cc21,26.0,314.86,4.528400000000004,6.48,2,0,4,2,0.3684210526315789,22,3
CHEMBL416146,Cc1ccc(-c2ncc(Cl)cc2-c2ccc(S(C)(=O)=O)cc2)cn1,26.0,358.8500000000001,4.175920000000004,59.92,4,0,3,3,0.1111111111111111,24,3
CHEMBL282686,CCO[C@@H](Cc1ccc(OCCc2ccc(OS(C)(=O)=O)cc2)cc1)C(=O)O,45.0,408.4720000000001,2.6787,99.13000000000001,6,1,11,2,0.35,28,2
CHEMBL114,CC(C)(C)NC(=O)[C@@H]1C[C@@H]2CCCC[C@@H]2CN1C[C@@H](O)[C@H](Cc1ccccc1)NC(=O)[C@H](CC(N)=O)NC(=O)c1ccc2ccccc2n1,13.0,670.855,3.092400000000003,166.75,7,5,12,3,0.5,49,5
CHEMBL1201182,CO[C@H]1C[C@@H]2CC[C@@H](C)[C@@](O)(O2)C(=O)C(=O)N2CCCC[C@H]2C(=O)O[C@H]([C@H](C)C[C@@H]2CC[C@@H](OC(=O)C(C)(CO)CO)[C@H](OC)C2)CC(=O)[C@H](C)/C=C(\C)[C@@H](O)[C@@H](OC)C(=O)[C@H](C)C[C@H](C)/C=C/C=C/C=C/1C,18.0,1030.3029999999999,5.722400000000009,241.95999999999992,16,4,10,0,0.75,73,4
CHEMBL363295,CC(CC(c1ccccc1)c1ccccc1)NC(C)(C)C,56.0,281.44300000000004,4.985200000000004,12.03,1,1,5,2,0.4,21,2
CHEMBL2092739,CCC1CN2CCC1CC2[C@@H](O)c1ccnc2ccc(OC)cc12,5.7,326.4400000000001,3.3972000000000024,45.59,4,1,4,2,0.55,24,5
CHEMBL222645,Cc1onc(-c2c(F)cccc2Cl)c1C(=O)N[C@@H]1C(=O)N2[C@@H](C(=O)O)C(C)(C)S[C@H]12,1.4,453.8790000000002,2.6878200000000003,112.74,6,2,4,2,0.3684210526315789,30,4
CHEMBL1477,COCc1c(C(C)C)nc(C(C)C)c(/C=C/[C@@H](O)C[C@@H](O)CC(=O)O)c1-c1ccc(F)cc1,1.8,459.5580000000002,4.8807000000000045,99.88000000000001,5,3,11,2,0.46153846153846156,33,2
CHEMBL467,NC(=O)NO,3.4,76.05499999999999,-0.9561000000000002,75.35000000000001,2,3,0,0,0.0,5,0
CHEMBL152067,CC(C)(C)NCC(O)COc1ccc(NC(=O)NC2CCCCC2)cc1,11.0,363.50200000000024,3.268600000000002,82.62,4,4,7,1,0.65,26,2
CHEMBL661,Cc1nnc2n1-c1ccc(Cl)cc1C(c1ccccc1)=NC2,12.0,308.77200000000005,3.5801200000000017,43.07,4,0,1,3,0.11764705882352941,22,4
CHEMBL51,O=C(c1ccc(F)cc1)C1CCN(CCn2c(=O)[nH]c3ccccc3c2=O)CC1,12.0,395.43400000000014,2.423800000000001,75.17,5,1,5,3,0.3181818181818182,29,4
CHEMBL53,CN1CCc2cccc3c2[C@H]1Cc1ccc(O)c(O)c1-3,0.68,267.328,2.8499000000000025,43.7,3,2,0,2,0.29411764705882354,20,4
CHEMBL29,CC1(C)S[C@@H]2[C@H](NC(=O)Cc3ccccc3)C(=O)N2[C@H]1C(=O)O,0.7,334.39700000000005,0.8607999999999998,86.71000000000001,4,2,4,1,0.4375,23,3
CHEMBL389847,C[C@@H](O)[C@H]1C(=O)N2C(C(=O)O)=C(S[C@H]3C[C@@H](C(=O)N4CC[C@H](NC(=O)CNC(=N)N)C4)N(C)C3)[C@H](C)[C@H]12,1.7,537.6430000000004,-1.8538299999999928,192.39000000000001,8,6,8,0,0.6956521739130435,37,4
CHEMBL507674,CCN1CCN(C(=O)N[C@@H](C(=O)N[C@@H]2C(=O)N3C(C(=O)O)=C(CSc4nnnn4C)CS[C@H]23)c2ccc(O)cc2)C(=O)C1=O,1.8,645.6800000000003,-1.1119999999999965,220.25999999999996,13,4,9,2,0.4,44,5
CHEMBL24646,COc1ccc(-c2nc3cc(C4=NNC(=O)CC4C)ccc3[nH]2)cc1,1.8,334.379,3.098600000000001,79.37,4,2,3,3,0.21052631578947367,25,4
CHEMBL1727,CC1=C(C(=O)O)N2C(=O)[C@@H](NC(=O)[C@H](N)c3ccccc3)[C@H]2SC1,0.57,347.3960000000001,0.4449000000000012,112.73,5,3,4,1,0.3125,24,3
CHEMBL494,CC#CCC(C)[C@H](O)/C=C/[C@@H]1[C@H]2C/C(=C/CCCC(=O)O)C[C@H]2C[C@H]1O,0.57,360.4940000000001,3.541300000000003,77.76,3,3,8,0,0.6818181818181818,26,2
CHEMBL148,C[C@@H](O)[C@H]1C(=O)N2C(C(=O)O)=C(SCCNC=N)C[C@H]12,0.95,299.35200000000003,-0.17602999999999924,113.72,5,4,7,0,0.5833333333333334,20,2
CHEMBL221886,CN[C@@H]1[C@@H](O)[C@@H](O[C@@H]2[C@@H](O)[C@H](O[C@H]3OC(CN)=CC[C@H]3N)[C@@H](N)C[C@H]2N)OC[C@]1(C)O,2.4,447.53300000000024,-3.851499999999994,213.72,12,8,6,0,0.8947368421052632,31,3
CHEMBL152,Nc1ccn(C[C@@H](CO)OCP(=O)(O)O)c(=O)n1,2.6,279.18899999999996,-1.6618000000000002,147.89999999999998,7,4,6,1,0.5,18,1
CHEMBL264241,CCCCCOc1ccc(-c2ccc(-c3ccc(C(=O)N[C@H]4C[C@@H](O)[C@@H](O)NC(=O)[C@@H]5[C@@H](O)[C@@H](C)CN5C(=O)[C@H]([C@@H](C)O)NC(=O)[C@H]([C@H](O)[C@@H](O)c5ccc(O)cc5)NC(=O)[C@@H]5C[C@@H](O)CN5C(=O)[C@H]([C@@H](C)O)NC4=O)cc3)cc2)cc1,40.0,1140.2540000000004,-0.927099999999986,377.41999999999996,17,14,14,4,0.46551724137931033,82,7
CHEMBL1450,O=C1C(O)=C([C@H]2CC[C@H](c3ccc(Cl)cc3)CC2)C(=O)c2ccccc21,63.0,366.84400000000016,5.505100000000004,54.37,3,1,2,2,0.2727272727272727,26,4
CHEMBL1201046,NCc1ccccc1CC(=O)N[C@@H]1C(=O)N2C(C(=O)O)=C(CSc3nnnn3CC(=O)O)CS[C@H]12,3.0,519.5650000000003,-0.7101999999999984,193.62999999999997,11,4,10,2,0.35,35,4
CHEMBL376685,N=C(N)NCCC[C@H](NC(=O)[C@@H]1CCCN1C(=O)[C@@H]1CSSCCC(=O)N[C@@H](Cc2ccc(O)cc2)C(=O)N[C@@H](Cc2ccccc2)C(=O)N[C@@H](CCC(N)=O)C(=O)N[C@@H](CC(N)=O)C(=O)N1)C(=O)NCC(N)=O,3.0,1069.2379999999998,-4.13203000000001,435.40999999999985,15,14,19,2,0.4782608695652174,74,4
CHEMBL708,O=C1Cc2cc(CCN3CCN(c4nsc5ccccc45)CC3)c(Cl)cc2N1,3.1,412.9460000000002,3.809000000000002,48.470000000000006,5,1,4,3,0.3333333333333333,28,5
CHEMBL273575,CN1Cc2c(N)cccc2C(c2ccccc2)C1,6.5,238.334,2.8461000000000016,29.259999999999998,2,1,1,2,0.25,18,3
CHEMBL1278,CNS(=O)(=O)CCc1ccc2[nH]cc(C3CCN(C)CC3)c2c1,6.6,335.4730000000001,2.0687999999999995,65.2,3,2,5,2,0.5294117647058824,23,3
CHEMBL1294,C=C[C@H]1CN2CC[C@H]1C[C@@H]2[C@@H](O)c1ccnc2ccc(OC)cc12,6.6,324.4240000000001,3.1732000000000014,45.59,4,1,4,2,0.45,24,5
CHEMBL274070,CC[C@@]1(O)C(=O)OCc2c1cc1n(c2=O)Cc2cc3c(N)cccc3nc2-1,7.0,363.3730000000001,1.6618000000000002,107.44,7,2,1,3,0.25,27,5
CHEMBL177,NCC[C@H](O)C(=O)N[C@@H]1C[C@H](N)[C@@H](O[C@H]2O[C@H](CN)[C@@H](O)[C@H](O)[C@H]2O)[C@H](O)[C@H]1O[C@H]1O[C@H](CO)[C@@H](O)[C@H](N)[C@H]1O,2.4,585.6080000000002,-8.424200000000015,331.93999999999994,17,13,10,0,0.9545454545454546,40,3
CHEMBL1515,Cn1cc[nH]c1=S,2.4,114.173,1.08269,20.72,2,1,0,1,0.25,7,1
CHEMBL112,CC(=O)Nc1ccc(O)cc1,2.5,151.165,1.3505999999999998,49.33,2,2,1,1,0.125,11,1
CHEMBL428,N[C@H]1[C@@H]2CN(c3nc4c(cc3F)c(=O)c(C(=O)O)cn4-c3ccc(F)cc3F)C[C@H]12,11.0,416.3590000000001,1.8944999999999996,101.44999999999999,6,2,3,3,0.25,30,5
CHEMBL500,CC(C)NCC(O)COc1cccc2[nH]ccc12,2.2,248.32600000000002,1.9055999999999995,57.279999999999994,3,3,6,2,0.42857142857142855,18,2
CHEMBL451,CNC1=Nc2ccc(Cl)cc2C(c2ccccc2)=[N+]([O-])C1,8.3,299.761,2.950700000000001,50.459999999999994,3,1,1,2,0.125,21,3
CHEMBL443,Cc1cc(NS(=O)(=O)c2ccc(N)cc2)no1,9.8,253.28300000000002,1.3660199999999998,98.22,5,2,3,2,0.1,17,2
CHEMBL645,CC(C)NCC(O)COc1ccc(COCCOC(C)C)cc1,10.0,325.449,2.3659,59.95,5,2,12,1,0.6666666666666666,23,1
CHEMBL1213583,C#C[C@]1(O)C=C[C@H]2[C@@H]3CCC4=CC(=O)CC[C@@H]4[C@H]3CC[C@@]21CC,10.0,310.43700000000007,3.6586000000000025,37.3,2,1,1,0,0.6666666666666666,23,4
CHEMBL279229,COc1ccccc1N1CCN(CCCNc2cc(=O)n(C)c(=O)n2C)CC1,3.5,387.48400000000015,0.7168000000000008,71.74000000000001,8,1,7,2,0.5,28,3
CHEMBL1185,CN(C)CCc1c[nH]c2ccc(C[C@H]3COC(=O)N3)cc12,3.6,287.36299999999994,1.9229,57.36,3,2,5,2,0.4375,21,3
CHEMBL1359,C[C@@H](O)[C@H]1C(=O)N2C(C(=O)O)=C(S[C@@H]3CN[C@H](C(=O)Nc4cccc(C(=O)O)c4)C3)[C@H](C)[C@H]12,3.8,475.52300000000025,0.9407000000000005,156.26999999999998,7,5,7,1,0.45454545454545453,33,4
CHEMBL43,COc1cc(NS(C)(=O)=O)ccc1Nc1c2ccccc2nc2ccccc12,4.7,393.46800000000013,4.511700000000003,80.32,5,2,5,4,0.09523809523809523,28,4
CHEMBL1382,Cc1ccc(O)c([C@H](CCN(C(C)C)C(C)C)c2ccccc2)c1,2.4,325.496,5.341420000000006,23.47,2,1,7,2,0.45454545454545453,24,2
CHEMBL1186579,C[N+]1(CC2CC2)CC[C@]23c4c5ccc(O)c4O[C@H]2C(=O)CC[C@@]3(O)[C@H]1C5,2.5,356.44200000000023,1.6699999999999997,66.76,4,2,2,1,0.6666666666666666,26,6
CHEMBL131,C[C@]12C[C@H](O)[C@H]3[C@@H](CCC4=CC(=O)C=C[C@@]43C)[C@@H]1CC[C@]2(O)C(=O)CO,3.4,360.4500000000002,1.5575999999999999,94.83,5,3,2,0,0.7142857142857143,26,4
CHEMBL956,CC(C(=O)O)c1ccc(C(=O)c2cccs2)cc1,2.1,260.31399999999996,3.167200000000001,54.37,3,1,4,2,0.14285714285714285,18,2
CHEMBL1069,CCCCC(=O)N(Cc1ccc(-c2ccccc2-c2nnn[nH]2)cc1)[C@H](C(=O)O)C(C)C,9.5,435.52800000000013,4.161700000000002,112.07000000000001,5,2,10,3,0.375,32,3
CHEMBL315838,COc1ccc(C(=O)Nc2ccccc2CCC2CCCCN2C)cc1,2.6,352.4780000000001,4.364400000000003,41.57,3,1,6,2,0.4090909090909091,26,3
CHEMBL1648,COC(=O)C1=C(C)NC(C)=C(C(=O)OC(C)C)C1c1cccc2nonc12,3.3,371.3930000000001,2.5822000000000003,103.55,8,1,4,2,0.3684210526315789,27,3
CHEMBL1009,N[C@@H](Cc1ccc(O)c(O)c1)C(=O)O,1.3,197.18999999999997,0.052200000000000135,103.78000000000002,4,4,3,1,0.2222222222222222,14,1
CHEMBL23,COc1ccc([C@@H]2Sc3ccccc3N(CCN(C)C)C(=O)[C@@H]2OC(C)=O)cc1,5.6,414.52700000000016,3.368500000000002,59.080000000000005,6,0,6,2,0.36363636363636365,29,3
CHEMBL483,C[C@H](Cn1cnc2c(N)ncnc21)OCP(=O)(O)O,5.8,287.21599999999995,-0.051200000000000134,136.38000000000002,7,3,5,2,0.4444444444444444,19,2
CHEMBL2,COc1cc2nc(N3CCN(C(=O)c4ccco4)CC3)nc(N)c2cc1OC,2.0,383.40800000000024,1.7845999999999997,106.95,8,1,4,3,0.3157894736842105,28,4
CHEMBL1491,CCOC(=O)C1=C(COCCN)NC(C)=C(C(=O)OC)C1c1ccccc1Cl,34.0,408.88200000000006,2.266300000000001,99.88000000000001,7,2,8,1,0.4,28,2
CHEMBL238071,CC[C@]1(O)C[C@@H]2CN(CCc3c([nH]c4ccccc34)[C@@](C(=O)OC)(c3cc4c(cc3OC)N(C)[C@H]3[C@@](O)(C(N)=O)[C@H](O)[C@]5(CC)C=CCN6CC[C@]43[C@@H]65)C2)C1,35.0,753.9409999999998,2.732400000000003,164.82,10,5,6,3,0.5813953488372093,55,9
CHEMBL384467,C[C@@H]1C[C@H]2[C@@H]3CCC4=CC(=O)C=C[C@]4(C)[C@@]3(F)[C@@H](O)C[C@]2(C)[C@@]1(O)C(=O)CO,3.7,392.4670000000002,1.8957000000000002,94.83,5,3,2,0,0.7272727272727273,28,4
CHEMBL1187846,CN1[C@H]2C[C@H](OC(=O)[C@H](CO)c3ccccc3)C[C@@H]1[C@@H]1O[C@H]12,4.5,303.358,0.9180999999999995,62.3,5,1,4,1,0.5882352941176471,22,4
CHEMBL1736,CC(=O)Nc1c(I)c(C(=O)O)c(I)c(N(C)C(C)=O)c1I,1.3,627.9420000000001,3.1397000000000013,86.71000000000001,3,2,3,1,0.25,21,1
CHEMBL1237123,COc1cc(CC2c3c(cc(OC)c(OC)c3OC)CC[N+]2(C)CCCOC(=O)CCC(=O)OCCC[N+]2(C)CCc3cc(OC)c(OC)c(OC)c3C2Cc2cc(OC)c(OC)c(OC)c2)cc(OC)c1OC,1.7,1035.2379999999998,7.709800000000011,163.35999999999999,16,0,27,4,0.5357142857142857,74,6
CHEMBL372795,CN[C@@H]1[C@H](O[C@H]2[C@H](O[C@@H]3[C@@H](N=C(N)N)[C@H](O)[C@@H](N=C(N)N)[C@H](O)[C@H]3O)O[C@@H](C)[C@]2(O)C=O)O[C@@H](CO)[C@H](O)[C@H]1O,4.3,581.5800000000004,-8.16110000000001,336.43000000000006,15,12,9,0,0.8571428571428571,40,3
CHEMBL429,CC(CCc1ccccc1)NCC(O)c1ccc(O)c(C(N)=O)c1,4.4,328.4120000000001,2.1353999999999997,95.57999999999998,4,4,8,2,0.3157894736842105,24,2
CHEMBL1046,NCCCCCC(=O)O,4.9,131.175,0.5901000000000001,63.32000000000001,2,2,5,0,0.8333333333333334,9,0
CHEMBL528,CO/N=C(\C(=O)N[C@@H]1C(=O)N2C(C(=O)O)=CCS[C@H]12)c1csc(N)n1,1.5,383.41100000000006,-0.5557999999999992,147.20999999999998,9,3,5,1,0.3076923076923077,25,3
CHEMBL768,COC(=O)CCc1ccc(OCC(O)CNC(C)C)cc1,0.15,295.379,1.5298999999999996,67.79,5,2,9,1,0.5625,21,1
CHEMBL1115,CN(C)C(=O)Oc1ccc[n+](C)c1,1.5,181.21499999999997,0.5714999999999999,33.42,2,0,1,1,0.3333333333333333,13,1
CHEMBL629,CN(C)CCC=C1c2ccccc2CCc2ccccc21,17.0,277.411,4.168600000000003,3.24,1,0,3,2,0.3,21,3
CHEMBL325041,CC(C)C[C@H](NC(=O)[C@H](Cc1ccccc1)NC(=O)c1cnccn1)B(O)O,18.0,384.24500000000006,0.36059999999999964,124.44000000000001,6,4,9,2,0.3684210526315789,28,2
CHEMBL1279,CN[C@@H]1CCc2[nH]c3ccc(C(N)=O)cc3c2C1,24.0,243.30999999999997,1.3435,70.91,2,3,2,2,0.35714285714285715,18,3
CHEMBL361497,C[C@@H]1CC[C@H]2[C@@H](C)[C@H](OC(=O)CCC(=O)O)O[C@@H]3O[C@@]4(C)CC[C@@H]1[C@@]23OO4,0.22,384.4250000000002,2.6024000000000003,100.52000000000002,7,1,4,0,0.8947368421052632,27,5
CHEMBL1201300,CNC(=O)c1c(I)c(NC(C)=O)c(I)c(C(=O)O)c1I,1.3,613.9150000000002,2.5166000000000004,95.50000000000001,3,3,3,1,0.18181818181818182,20,1
CHEMBL452231,COc1cc([C@@H]2c3cc4c(cc3[C@@H](O[C@@H]3O[C@@H]5CO[C@@H](c6cccs6)O[C@H]5[C@H](O)[C@H]3O)[C@H]3COC(=O)[C@H]23)OCO4)cc(OC)c1O,16.0,656.6620000000001,2.752900000000001,160.83,14,3,6,3,0.46875,46,8
CHEMBL1017,CCCc1nc2c(C)cc(-c3nc4ccccc4n3C)cc2n1Cc1ccc(-c2ccccc2C(=O)O)cc1,20.0,514.6290000000004,7.2644200000000065,72.94,5,1,7,6,0.18181818181818182,39,6
CHEMBL1201368,CCC[C@H](N[C@@H](C)C(=O)N1[C@H](C(=O)O)C[C@@H]2CCCC[C@@H]21)C(=O)O,29.0,340.4200000000001,1.4621,106.94000000000001,4,3,7,0,0.8235294117647058,24,2
CHEMBL445,CNCCC=C1c2ccccc2CCc2ccccc21,30.0,263.38399999999996,3.826400000000003,12.03,1,1,3,2,0.2631578947368421,20,3
CHEMBL1201201,CN[C@@H](C)Cc1ccccc1,12.0,149.237,1.837,12.03,1,1,3,1,0.4,11,1
CHEMBL997,CCCCCN(C)CCC(O)(P(=O)(O)O)P(=O)(O)O,14.0,319.23100000000005,0.4999999999999996,138.53,4,5,9,0,1.0,19,0
CHEMBL658,CCC(=O)N(c1ccccc1)C1(COC)CCN(CCc2cccs2)CC1,14.0,386.56100000000015,4.214800000000004,32.78,4,0,8,2,0.5,27,3
CHEMBL1628227,CN(C)CCC=C1c2ccccc2COc2ccccc21,15.0,279.383,3.9624000000000033,12.47,2,0,3,2,0.2631578947368421,21,3
CHEMBL1646,CC1(C)C(/C=C/C=C/C=C/C=C2\N(CCCCS(=O)(=O)[O-])c3ccc4ccccc4c3C2(C)C)=[N+](CCCCS(=O)(=O)[O-])c2ccc3ccccc3c21.[Na+],0.065,774.981,5.374300000000005,120.65,7,0,14,4,0.32558139534883723,54,6
CHEMBL1444,N#Cc1ccc(C(c2ccc(C#N)cc2)n2cncn2)cc1,45.0,285.31,2.65916,78.29,5,0,3,3,0.058823529411764705,22,3
CHEMBL1643,NC(=O)c1ncn([C@@H]2O[C@H](CO)[C@@H](O)[C@H]2O)n1,45.0,244.20700000000002,-3.0114999999999994,143.72000000000003,8,4,3,1,0.625,17,2
CHEMBL498,CCCNC(=O)NS(=O)(=O)c1ccc(Cl)cc1,46.0,276.745,1.7379,75.27000000000001,3,2,4,1,0.3,17,1
CHEMBL1908353,CCCCC/C=C\CCC(=O)N[C@H]1[C@H](Oc2c3cc4cc2Oc2ccc(cc2Cl)[C@@H](O[C@@H]2O[C@H](CO)[C@@H](O)[C@H](O)[C@H]2NC(C)=O)[C@@H]2NC(=O)[C@H](NC(=O)[C@@H]4NC(=O)[C@H]4NC(=O)[C@@H](Cc5ccc(c(Cl)c5)O3)NC(=O)[C@@H](N)c3ccc(O)c(c3)Oc3cc(O)cc4c3)c3ccc(O)c(c3)-c3c(O[C@H]4O[C@H](CO)[C@@H](O)[C@H](O)[C@@H]4O)cc(O)cc3[C@H](C(=O)O)NC2=O)O[C@H](CO)[C@@H](O)[C@@H]1O,150.0,1877.6640000000011,0.9396000000000104,662.4100000000003,33,24,19,7,0.3977272727272727,132,16
CHEMBL1535,CCN(CCO)CCCC(C)Nc1ccnc2cc(Cl)ccc12,850.0,335.8790000000001,3.783000000000002,48.39,4,2,9,2,0.5,23,2
CHEMBL1540,Nc1nc(O)c2ncn(CCC(CO)CO)c2n1,2.1,253.26199999999994,-0.895,130.31,8,4,5,2,0.5,18,2
CHEMBL1756,C[C@]12CC[C@@H]3c4ccc(OC(=O)N(CCCl)CCCl)cc4CC[C@H]3[C@@H]1CC[C@@H]2OP(=O)(O)O,2.4,520.3900000000002,5.299000000000007,96.3,4,2,7,1,0.6956521739130435,33,4
CHEMBL514432,C[C@@H]1C(=O)O[C@H]2[C@H](O)[C@@]34[C@H]5C[C@@H](C(C)(C)C)[C@]36[C@@H](OC(=O)[C@@H]6O)O[C@@]4(C(=O)O5)[C@@]12O,5.2,424.40200000000016,-1.3694999999999982,148.82,10,3,0,0,0.85,30,6
CHEMBL1763,NS(=O)(=O)c1cc2c(cc1C(F)(F)F)NCNS2(=O)=O,5.2,331.29699999999997,0.014100000000000557,118.35999999999999,5,3,1,1,0.25,20,2
CHEMBL278255,NC1CCN(c2c(F)cc3c(=O)c(C(=O)O)cn(C4CC4)c3c2Cl)C1,5.4,365.79200000000014,2.3644999999999996,88.56,5,2,3,2,0.4117647058823529,25,4
CHEMBL24,CC(C)NCC(O)COc1ccc(CC(N)=O)cc1,6.1,266.34099999999995,0.45210000000000006,84.57999999999998,4,3,8,1,0.5,19,1
CHEMBL153774,CN(C)CCNc1ccc2c3c(nn2CCNCCO)-c2cnccc2C(=O)c13,45.0,394.47900000000016,1.1981,95.31,8,3,9,3,0.38095238095238093,29,4
CHEMBL6622,O=[N+]([O-])O[C@H]1CO[C@H]2[C@@H]1OC[C@H]2O[N+](=O)[O-],1.69,236.13599999999997,-1.0622000000000003,123.20000000000002,8,0,4,0,1.0,16,2
CHEMBL30,CN/C(=N/CCSCc1nc[nH]c1C)NC#N,2.2,252.347,0.5974,88.88999999999999,4,3,5,1,0.5,17,1
CHEMBL465161,C[C@@H]1C(=O)O[C@H]2C[C@@]34[C@H]5C[C@@H](C(C)(C)C)[C@]36[C@@H](OC(=O)[C@@H]6O)O[C@@]4(C(=O)O5)[C@]21O,3.8,408.40300000000013,-0.3402999999999995,128.59,9,2,0,0,0.85,29,6
CHEMBL1311,O=[N+]([O-])O[C@@H]1CO[C@@H]2[C@@H](O)CO[C@H]12,4.1,191.13899999999998,-1.2782000000000002,91.06000000000002,6,1,2,0,1.0,13,2
CHEMBL126,CC(=O)NC[C@H]1CN(c2ccc(N3CCOCC3)c(F)c2)C(=O)O1,4.5,337.35100000000006,1.1235999999999997,71.11,5,1,4,1,0.5,24,3
CHEMBL130,O=C(N[C@H](CO)[C@H](O)c1ccc([N+](=O)[O-])cc1)C(Cl)Cl,4.6,323.13199999999995,0.9089999999999998,112.70000000000002,5,3,6,1,0.36363636363636365,20,1
CHEMBL3039597,CNC(C)[C@@H]1CC[C@@H](N)[C@@H](O[C@@H]2[C@@H](N)C[C@@H](N)[C@H](O[C@H]3OC[C@](C)(O)[C@H](NC)[C@H]3O)[C@H]2O)O1.CN[C@@H]1[C@@H](O)[C@@H](O[C@@H]2[C@@H](O)[C@H](O[C@H]3O[C@H](C(C)N)CC[C@H]3N)[C@@H](N)C[C@H]2N)OC[C@]1(C)O.CN[C@@H]1[C@@H](O)[C@@H](O[C@@H]2[C@@H](O)[C@H](O[C@H]3O[C@H](CN)CC[C@H]3N)[C@@H](N)C[C@H]2N)OC[C@]1(C)O,4.7,1390.7280000000007,-10.892399999999943,627.17,36,24,19,0,1.0,96,9
CHEMBL32479,Cc1nnc2n1-c1sc(Br)cc1C(c1ccccc1Cl)=NC2,4.8,393.69700000000006,4.404120000000002,43.07,5,0,1,3,0.13333333333333333,22,4
CHEMBL22097,CN1C(=O)C(O)N=C(c2ccccc2Cl)c2cc(Cl)ccc21,4.9,335.1900000000001,3.1256000000000013,52.900000000000006,3,1,1,2,0.125,22,3
CHEMBL641,CNCC[C@@H](Oc1ccccc1C)c1ccccc1,5.2,255.361,3.7246200000000034,21.259999999999998,2,1,6,2,0.29411764705882354,19,2
CHEMBL1110,Cc1[nH]cnc1CN1CCc2c(c3ccccc3n2C)C1=O,1.6,294.35800000000006,2.4083200000000007,53.92,3,1,2,3,0.29411764705882354,22,4
CHEMBL324090,COc1cc2c(cc1OC)CN(c1cc(N)c3cc(OC)c(OC)cc3n1)CC2,5.9,395.4590000000002,3.414100000000002,79.07000000000001,7,1,5,3,0.3181818181818182,29,4
CHEMBL1614639,CN1C(=O)[C@H](O)C[C@H]1c1cccnc1,5.9,192.21800000000002,0.3456999999999999,53.43000000000001,3,1,1,1,0.4,14,2
CHEMBL832,O=C1C(CC[S+]([O-])c2ccccc2)C(=O)N(c2ccccc2)N1c1ccccc1,6.2,404.4910000000001,3.795500000000003,63.68,3,0,6,3,0.13043478260869565,29,4
CHEMBL1231,CCN(CC)CC#CCOC(=O)C(O)(c1ccccc1)C1CCCCC1,7.2,357.4940000000002,3.342900000000002,49.769999999999996,4,1,7,1,0.5909090909090909,26,2
CHEMBL87045,c1ccc(C2(c3ccccc3)CC2C2=NCCN2)cc1,7.3,262.35599999999994,2.994300000000001,24.39,2,1,3,2,0.2777777777777778,20,4
CHEMBL134,Clc1cccc(Cl)c1N=C1NCCN1,7.6,230.09799999999998,2.1737000000000006,36.42,1,2,1,1,0.2222222222222222,14,2
CHEMBL1005,CCC(=O)N(c1ccccc1)C1(C(=O)OC)CCN(CCC(=O)OC)CC1,0.8,376.4530000000002,2.0002999999999997,76.15,6,0,7,1,0.55,27,2
CHEMBL1604,CC1=C(C(=O)O)N2C(=O)[C@@H](NC(=O)[C@H](N)C3=CCC=CC3)[C@H]2SC1,0.85,349.4120000000001,0.34860000000000113,112.73,5,3,4,0,0.4375,24,3
CHEMBL32800,CC(Cc1ccc(O)cc1)NCC(O)c1cc(O)cc(O)c1,0.87,303.358,2.0576,92.95,5,5,6,2,0.29411764705882354,22,2
CHEMBL1200649,CC[C@H]1NC(=O)[C@@H](NC(=O)c2ncccc2O)[C@@H](C)OC(=O)[C@H](c2ccccc2)NC(=O)[C@@H]2CC(=O)[C@H](CS[C@@H]3CN4CCC3CC4)CN2C(=O)[C@H](Cc2ccc(N(C)C)cc2)N(C)C(=O)[C@@H]2CCCN2C1=O,0.87,1022.2389999999991,2.323500000000009,231.20000000000002,14,4,10,3,0.5283018867924528,73,9
CHEMBL1272,CCOc1cc(CC(=O)N[C@@H](CC(C)C)c2ccccc2N2CCCCC2)ccc1C(=O)O,0.87,452.5950000000003,5.219900000000005,78.87,4,2,10,2,0.48148148148148145,33,3
CHEMBL1687,COc1cc2c3cc1Oc1cc(ccc1O)C[C@@H]1c4c(cc(OC)c(O)c4Oc4ccc(cc4)C[C@@H]3N(C)CC2)CC[N+]1(C)C.[Cl-],2.0,645.1959999999999,3.7050000000000027,80.62,7,2,2,4,0.35135135135135137,46,8
CHEMBL1790041,CNC(=C[N+](=O)[O-])NCCSCc1ccc(CN(C)C)o1,2.1,314.411,1.4589999999999999,83.58,7,2,10,1,0.5384615384615384,21,1
CHEMBL511115,COc1ccc([C@]2(C#N)CC[C@@H](C(=O)O)CC2)cc1OC1CCCC1,7.9,343.4230000000002,4.052780000000003,79.55,4,1,5,1,0.6,25,3
CHEMBL473,CN(CCOc1ccc(NS(C)(=O)=O)cc1)CCc1ccc(NS(C)(=O)=O)cc1,8.1,441.57500000000016,1.9828999999999997,104.81,6,2,11,2,0.3684210526315789,29,2
CHEMBL432103,CC1CCCC(C)N1CCCC(O)(c1ccccc1)c1ccccn1,8.4,338.49500000000006,4.360600000000004,36.36,3,1,6,2,0.5,25,3
CHEMBL255044,CCOC(=O)Nc1ccc(NCc2ccc(F)cc2)nc1N,8.5,304.32500000000005,2.9834000000000005,89.27,5,3,5,2,0.2,22,2
CHEMBL982,C=C1CC[C@@]2(O)[C@H]3Cc4ccc(O)c5c4[C@@]2(CCN3CC2CC2)[C@H]1O5,8.8,339.4350000000001,2.512500000000001,52.93000000000001,4,2,2,1,0.6190476190476191,25,6
CHEMBL1237046,CN(C)[C@@H]1C(O)=C(C(=O)NCN2CCCC2)C(=O)[C@@]2(O)C(O)=C3C(=O)c4c(O)cccc4[C@@](C)(O)[C@H]3C[C@@H]12,8.8,527.5740000000002,0.46980000000000227,170.86999999999998,10,6,4,1,0.5185185185185185,38,5
CHEMBL2220442,CC(C)n1c(/C=C/C(O)CC(O)CC(=O)O)c(-c2ccc(F)cc2)c2ccccc21,0.7,411.473,4.628100000000003,82.69,4,3,8,3,0.2916666666666667,30,3
CHEMBL1760,CC(C)(C)NCC(O)c1cc(O)cc(O)c1,15.0,225.288,1.5192999999999997,72.72,4,4,3,1,0.5,16,1
CHEMBL1514,CC[C@H](OC(C)=O)C(C[C@H](C)N(C)C)(c1ccccc1)c1ccccc1,18.0,353.50600000000003,4.654600000000005,29.54,3,0,8,2,0.43478260869565216,26,2
CHEMBL2368925,O=C(O[C@@H]1C[C@@H]2C[C@H]3C[C@H](C1)N2CC3=O)c1c[nH]c2ccccc12,0.13,324.38000000000005,2.519000000000001,62.4,4,1,2,2,0.47368421052631576,24,6
CHEMBL691,C#C[C@]1(O)CC[C@H]2[C@@H]3CCc4cc(O)ccc4[C@H]3CC[C@@]21C,9.7,296.4100000000001,3.6126000000000023,40.46,2,2,0,1,0.6,22,4
CHEMBL1324,Cc1ccc(C(=O)c2cc(O)c(O)c([N+](=O)[O-])c2)cc1,1.1,273.24399999999997,2.545420000000002,100.67,5,2,3,2,0.07142857142857142,20,2
CHEMBL530,CC1(C)S[C@@H]2[C@H](/N=C/N3CCCCCC3)C(=O)N2[C@H]1C(=O)O,1.1,325.4339999999999,1.4062000000000001,73.21000000000001,4,1,3,0,0.8,22,3
CHEMBL685,COC(=O)Nc1nc2ccc(C(=O)c3ccccc3)cc2[nH]1,1.1,295.298,2.972200000000001,84.07999999999998,4,2,3,3,0.0625,22,3
CHEMBL1517,CN(C)[C@@H]1C(O)=C(C(N)=O)C(=O)[C@@]2(O)C(O)=C3C(=O)c4c(O)cccc4[C@@](C)(O)[C@H]3[C@H](O)[C@@H]12,10.0,460.43900000000014,-1.2435999999999974,201.84999999999997,10,7,2,1,0.4090909090909091,33,4
CHEMBL262777,CN[C@H](CC(C)C)C(=O)N[C@H]1C(=O)N[C@@H](CC(N)=O)C(=O)N[C@H]2C(=O)N[C@H]3C(=O)N[C@H](C(=O)N[C@H](C(=O)O)c4cc(O)cc(O)c4-c4cc3ccc4O)[C@H](O)c3ccc(c(Cl)c3)Oc3cc2cc(c3O[C@@H]2O[C@H](CO)[C@@H](O)[C@H](O)[C@H]2O[C@H]2C[C@](C)(N)[C@H](O)[C@H](C)O2)Oc2ccc(cc2Cl)[C@H]1O,6.5,1449.2710000000004,0.10620000000000512,530.4900000000002,25,19,13,5,0.42424242424242425,101,12
CHEMBL1755,Cc1nc2c([nH]1)CCN(C(=O)c1ccc(NC(=O)c3ccccc3-c3ccccc3)cc1)c1ccccc1-2,6.7,498.5860000000002,6.507320000000005,78.09,3,2,4,5,0.09375,38,6
CHEMBL621,O=c1n(CCCN2CCN(c3cccc(Cl)c3)CC2)nc2ccccn12,7.3,371.8720000000001,2.3617,45.78,6,0,5,3,0.3684210526315789,26,4
CHEMBL161,CO/N=C(\C(=O)N[C@@H]1C(=O)N2C(C(=O)O)=C(CSc3nc(=O)c(O)nn3C)CS[C@H]12)c1csc(N)n1,8.6,554.592,-1.198999999999999,215.22000000000003,15,4,8,2,0.3333333333333333,36,4
CHEMBL4,CC1COc2c(N3CCN(C)CC3)c(F)cc3c(=O)c(C(=O)O)cn1c23,8.9,361.37300000000005,1.5439999999999998,75.00999999999999,6,1,2,2,0.4444444444444444,26,4
CHEMBL1389,C#C[C@]1(O)CC[C@H]2[C@@H]3CCC4=CC(=O)CC[C@@H]4[C@H]3CC[C@@]21CC,9.4,312.4530000000001,3.8826000000000036,37.3,2,1,1,0,0.7619047619047619,23,4
CHEMBL95,Nc1c2c(nc3ccccc13)CCCC2,3.3,198.26899999999992,2.695800000000001,38.91,2,1,0,2,0.3076923076923077,15,3
CHEMBL46,Cc1nccn1CC1CCc2c(c3ccccc3n2C)C1=O,3.4,293.37000000000006,3.1285200000000017,39.82,4,0,2,3,0.3333333333333333,22,4
CHEMBL539456,CN(C)CCCN1c2ccccc2CCc2cc(O)ccc21,10.0,296.414,3.5806000000000022,26.71,3,1,4,2,0.3684210526315789,22,3
CHEMBL1200622,C[C@@H](/C=C/[C@@H](C)[C@H]1CC[C@H]2/C(=C/C=C3C[C@@H](O)C[C@H](O)C3)CCC[C@@]21C)C(C)(C)O,5.3,416.6460000000003,5.560600000000006,60.69,3,3,5,0,0.7777777777777778,30,3
CHEMBL550781,CCCCCN(CCCOC)C(=O)[C@@H](CCC(=O)O)NC(=O)c1ccc(Cl)c(Cl)c1,1.2,461.3860000000001,4.0119000000000025,95.94,4,2,14,1,0.5714285714285714,30,1
CHEMBL108821,N[C@@H]1CN(c2c(F)cc3c(=O)c(C(=O)O)cn([C@@H]4C[C@@H]4F)c3c2Cl)CC12CC2,6.6,409.8200000000002,2.7026000000000012,88.56,5,2,3,2,0.47368421052631576,28,5
CHEMBL137,Cc1ncc([N+](=O)[O-])n1CCO,7.1,171.15599999999998,0.09201999999999994,81.19,5,1,3,1,0.5,12,1
CHEMBL405,CC(N)Cc1ccccc1,7.3,135.20999999999998,1.5763,26.02,1,1,2,1,0.3333333333333333,10,1
CHEMBL1370,CCCC1O[C@@H]2C[C@H]3[C@@H]4CCC5=CC(=O)C=C[C@]5(C)[C@H]4[C@@H](O)C[C@]3(C)[C@]2(C(=O)CO)O1,2.8,430.5410000000002,2.7168000000000014,93.06,6,2,4,0,0.76,31,5
CHEMBL515,O=C(O)CCCc1ccc(N(CCCl)CCCl)cc1,1.1,304.217,3.377900000000002,40.54,2,1,9,1,0.5,19,1
CHEMBL290194,C=CCN1CCCC1CNC(=O)c1cc2nn[nH]c2cc1OC,2.8,315.3770000000001,1.3466999999999996,83.14,5,2,6,2,0.4375,23,3
CHEMBL177756,O=C(O)c1ccccc1-c1c2ccc(=O)cc-2oc2cc(O)ccc12,1.6,332.31100000000004,3.9686000000000012,87.74,4,2,2,2,0.0,25,4
CHEMBL222813,CC(=O)N[C@@H]1[C@@H](NC(=N)N)C=C(C(=O)O)O[C@H]1[C@H](O)[C@H](O)CO,1.7,332.31300000000005,-3.5758299999999976,198.21999999999994,7,8,6,0,0.5833333333333334,23,1
CHEMBL1167,CN[C@H]1[C@@H](O)[C@@H](NC)[C@H](O)[C@H]2O[C@@H]3O[C@H](C)CC(=O)[C@]3(O)O[C@H]12,1.8,332.35300000000007,-2.925599999999995,129.51000000000002,9,5,2,0,0.9285714285714286,23,3
CHEMBL1201112,COc1nc(N)nc2c1ncn2[C@@H]1O[C@H](CO)[C@@H](O)[C@@H]1O,0.5,297.271,-1.9713999999999994,148.76999999999998,10,4,3,2,0.5454545454545454,21,3
CHEMBL634,CCC(=O)N(c1ccccc1)C1(COC)CCN(CCn2nnn(CC)c2=O)CC1,1.6,416.52600000000024,1.3838999999999997,85.49000000000001,8,0,9,2,0.6190476190476191,30,3
CHEMBL1130,C[C@H]1O[C@@H](n2cc(F)c(=O)[nH]c2=O)[C@H](O)[C@@H]1O,0.35,246.19400000000002,-1.6851999999999996,104.55000000000001,6,3,1,1,0.5555555555555556,17,2
CHEMBL314010,COc1ccc(CCNCC(O)COc2cccc(C)c2)cc1OC,1.9,345.43900000000014,2.584220000000001,59.95,5,2,10,2,0.4,25,2
CHEMBL513,O=NN(CCCl)C(=O)NCCCl,0.37,214.052,1.157,61.77,3,1,5,0,0.8,12,0
CHEMBL1614637,CC(Oc1ccccc1)C(=O)N[C@@H]1C(=O)N2[C@@H](C(=O)O)C(C)(C)S[C@H]12,0.91,364.42300000000006,1.0855999999999997,95.94000000000001,5,2,5,1,0.47058823529411764,25,3
CHEMBL617,CC(=O)OCC1=C(C(=O)O)N2C(=O)[C@@H](NC(=O)Cc3cccs3)[C@H]2SC1,0.95,396.4460000000001,0.5923000000000007,113.00999999999999,7,2,6,1,0.375,26,3
CHEMBL442,CN1C[C@H](C(=O)N[C@]2(C)O[C@@]3(O)[C@@H]4CCCN4C(=O)[C@H](Cc4ccccc4)N3C2=O)C=C2c3cccc4[nH]cc(c34)C[C@H]21,2.1,581.6730000000001,1.990800000000002,118.21000000000001,6,3,4,3,0.42424242424242425,43,8
CHEMBL1200932,C[C@H](O)C(=O)Nc1c(I)c(C(=O)NC(CO)CO)c(I)c(C(=O)NC(CO)CO)c1I,2.1,777.0880000000001,-1.0143000000000004,188.45,8,8,10,1,0.47058823529411764,31,1
CHEMBL1384,NC[C@H]1O[C@H](O[C@@H]2[C@@H](N)C[C@@H](N)[C@H](O[C@H]3O[C@H](CO)[C@@H](O)[C@H](N)[C@H]3O)[C@H]2O)[C@H](O)[C@@H](O)[C@@H]1O,2.1,484.5030000000001,-7.2913999999999985,282.61,15,11,6,0,1.0,33,3
CHEMBL1503,COc1ccc2[nH]c([S+]([O-])Cc3ncc(C)c(OC)c3C)nc2c1,0.58,345.4240000000001,2.8997400000000013,83.09,5,1,5,3,0.29411764705882354,24,3
CHEMBL1231530,O=C(O)CCNC(=O)c1ccccc1,0.59,193.20200000000003,0.8911,66.4,2,2,4,1,0.2,14,1
CHEMBL13960,O=C(O)C(Cl)Cl,0.65,128.942,0.8747,37.3,1,1,1,0,0.5,6,0
CHEMBL1614650,CC[C@@]1(O)C(=O)OCc2c1cc1n(c2=O)Cc2c-1nc1cc(F)c(C)c3c1c2[C@@H](N)CC3,6.7,435.4550000000002,2.4731200000000007,107.44,7,2,1,3,0.375,32,6
CHEMBL568,O=C1Nc2ccc(Cl)cc2C(c2ccccc2)=NC1O,6.7,286.718,2.4479,61.69,3,2,1,2,0.06666666666666667,20,3
CHEMBL13209,O=C1CN=C(c2ccccc2)c2cc([N+](=O)[O-])ccc2N1,26.0,281.27099999999996,2.3842999999999996,84.6,4,1,2,2,0.06666666666666667,21,3
CHEMBL834,NCCC(O)(P(=O)(O)O)P(=O)(O)O,32.0,235.069,-1.6633000000000002,161.30999999999997,4,6,4,0,1.0,13,0
CHEMBL1213351,CCC(=O)O[C@](Cc1ccccc1)(c1ccccc1)[C@H](C)CN(C)C,18.0,339.47900000000016,4.275500000000004,29.54,3,0,8,2,0.4090909090909091,25,2
CHEMBL457547,CCCCCOc1ccc(-c2cc(-c3ccc(C(=O)N[C@H]4C[C@@H](O)[C@@H](O)NC(=O)[C@@H]5[C@@H](O)[C@@H](C)CN5C(=O)[C@H]([C@H](O)CC(N)=O)NC(=O)[C@H]([C@H](O)[C@@H](O)c5ccc(O)c(OS(=O)(=O)O)c5)NC(=O)[C@@H]5C[C@@H](O)CN5C(=O)[C@H]([C@@H](C)O)NC4=O)cc3)no2)cc1,16.0,1270.2910000000004,-3.9019999999999966,510.14,23,16,18,4,0.48214285714285715,89,7
CHEMBL448,CCCC(C)C1(CC)C(=O)NC(=O)NC1=O,22.0,226.276,1.1849999999999998,75.27000000000001,3,2,4,0,0.7272727272727273,16,1
