MW,LogP,HBD,HBA,TPSA,RotatableBonds,AromaticRings,AliphaticRings,Heteroatoms,HeavyAtoms,FractionCSP3,MolMR,BertzCT,Chi0v,Rings,Lipinski_MW,Lipinski_LogP,Lipinski_HBD,Lipinski_HBA,Target,log_Target
135.20999999999998,1.5763,1,1,26.02,2,1,0,1,10,0.3333333333333333,43.79540000000002,174.4896154807834,6.248558665513929,1,0,0,0,0,7.3,1.9878743481543455
304.217,3.377900000000002,1,2,40.54,9,1,0,5,19,0.5,80.66880000000005,352.1296296686227,12.329610864583483,1,0,0,0,0,1.1,0.09531017980432493
277.368,1.7165999999999995,2,3,61.440000000000005,7,1,0,5,20,0.4666666666666667,80.86690000000004,417.85646187232345,12.40153837793238,1,0,0,0,0,6.4,1.8562979903656263
367.4460000000001,2.2288999999999994,2,6,91.34,5,1,0,8,26,0.5555555555555556,98.57950000000005,567.1657481842029,16.49114180630038,1,0,0,0,0,2.6,0.9555114450274363
187.286,2.1826,0,1,3.24,4,1,0,1,14,0.38461538461538464,61.07100000000004,291.5643909481188,8.902879042200436,1,0,0,0,0,1.3,0.26236426446749106
303.19999999999993,-1.052299999999998,0,2,29.540000000000003,2,1,0,5,17,0.4166666666666667,65.71900000000004,363.86985466429576,12.484285860810079,1,0,0,0,0,1.3,0.26236426446749106
153.137,0.6726000000000001,3,3,83.55,1,1,0,4,11,0.0,39.478500000000004,282.08982642577905,5.612076558222283,1,0,0,0,0,0.61,-0.4942963218147801
181.23499999999999,1.0351,3,3,52.489999999999995,4,1,0,3,13,0.4,51.61030000000003,249.9701524320101,7.6953920993211415,1,0,0,0,0,2.2,0.7884573603642703
179.219,2.0437,1,2,38.33,3,1,0,3,13,0.3,51.914700000000025,266.5947139279425,7.833004438872777,1,0,0,0,0,0.92,-0.08338160893905101
249.35399999999996,2.1528,2,3,41.49,8,1,0,3,18,0.4666666666666667,74.98350000000005,348.8108724292341,11.225340895037393,1,0,0,0,0,2.5,0.9162907318741551
151.165,1.3505999999999998,2,2,49.33,1,1,0,3,11,0.125,42.41050000000002,241.2457497788808,6.164862962722325,1,0,0,0,0,2.5,0.9162907318741551
777.0880000000001,-1.0143000000000004,8,8,188.45,10,1,0,14,31,0.47058823529411764,135.75509999999997,725.741716944375,22.62767907376309,1,1,0,1,0,2.1,0.7419373447293773
193.20200000000003,0.8911,2,2,66.4,4,1,0,4,14,0.2,51.02800000000002,306.0700121526738,7.5646750847489095,1,0,0,0,0,0.59,-0.527632742082372
211.261,1.1291999999999998,4,4,72.72,4,1,0,4,15,0.45454545454545453,57.870100000000036,309.8143909481188,8.935498913634552,1,0,0,0,0,0.41,-0.8915981192837836
178.27499999999995,3.6390000000000025,1,1,20.23,2,1,0,1,13,0.5,56.28480000000004,255.83982642577905,8.83396494144809,1,0,0,0,0,3.2,1.1631508098056809
272.37,1.0895000000000001,3,4,78.43,6,1,0,6,18,0.5,73.00700000000005,443.3166070525691,11.659663444143577,1,0,0,0,0,6.3,1.840549633397487
211.21699999999998,0.4423000000000001,4,4,103.78000000000002,3,1,0,5,15,0.3,53.703800000000015,369.6247421664592,8.266396934908789,1,0,0,0,0,5.9,1.7749523509116738
384.58600000000007,4.164000000000003,2,4,69.64,14,1,0,6,26,0.7,109.97530000000006,558.5608031804463,17.39348780113284,1,0,0,0,0,7.0,1.9459101490553132
325.449,2.3659,2,5,59.95,12,1,0,5,23,0.6666666666666666,91.82650000000007,385.0042667946855,14.748944257151669,1,0,0,0,0,10.0,2.302585092994046
270.354,1.78302,2,3,75.27000000000001,5,1,0,6,18,0.4166666666666667,69.80720000000004,469.2745249269933,11.380211163101325,1,0,0,0,0,7.0,1.9459101490553132
285.36499999999995,2.1955,1,3,74.68,7,1,0,6,19,0.46153846153846156,72.74210000000005,491.4742215936724,11.98174513528779,1,0,0,0,0,5.9,1.7749523509116738
821.1410000000001,-1.6274999999999986,8,9,199.89,12,1,0,15,34,0.5263157894736842,146.56419999999997,796.2746658188865,24.436319827136103,1,1,0,1,0,1.5,0.4054651081081644
305.29,1.7813800000000002,2,6,127.70000000000002,5,1,0,8,22,0.2857142857142857,77.94400000000002,643.3512630623127,12.107077218833354,1,0,0,0,0,2.4,0.8754687373538999
206.28499999999997,3.073200000000001,1,1,37.3,4,1,0,2,15,0.46153846153846156,61.03480000000004,316.396476403863,9.526670282288125,1,0,0,0,0,1.6,0.47000362924573563
234.343,2.5837400000000006,1,2,32.34,5,1,0,3,17,0.5,72.33370000000005,349.37474216645927,11.208833037092342,1,0,0,0,0,1.6,0.47000362924573563
303.14099999999996,3.6057000000000023,1,3,63.60000000000001,6,1,0,6,19,0.23076923076923078,73.35430000000004,515.0850024358393,11.715766186885807,1,0,0,0,0,0.5,-0.6931471805599453
263.385,2.813040000000001,3,2,53.160000000000004,6,1,0,4,19,0.5333333333333333,80.69310000000004,378.249379292522,12.33896971078201,1,0,0,0,0,5.0,1.6094379124341003
197.18999999999997,0.052200000000000135,4,4,103.78000000000002,3,1,0,5,14,0.2222222222222222,49.08680000000002,333.89158890169955,7.343747204098415,1,0,0,0,0,1.3,0.26236426446749106
305.205,1.925,2,3,66.56,8,1,0,6,19,0.46153846153846156,79.41020000000003,365.52971325833266,12.070097840589638,1,0,0,0,0,1.0,0.0
627.9420000000001,3.1397000000000013,2,3,86.71000000000001,3,1,0,9,21,0.25,104.94000000000001,611.6608606820395,17.725560354948154,1,1,0,0,0,1.3,0.26236426446749106
179.26299999999998,2.0294399999999997,1,2,35.25,3,1,0,2,13,0.45454545454545453,55.06040000000003,251.11684126423842,8.50210641759854,1,0,0,0,0,9.9,2.2925347571405443
250.34199999999998,2.7597000000000014,0,3,32.78,4,1,0,4,18,0.5,72.87200000000004,386.7797132583326,11.804781899062322,1,0,0,0,0,1.4,0.3364722366212129
295.379,1.5298999999999996,2,5,67.79,9,1,0,5,21,0.5625,81.41950000000004,396.5514164194121,12.964487206775495,1,0,0,0,0,0.15,-1.8971199848858813
613.9150000000002,2.5166000000000004,3,3,95.50000000000001,3,1,0,9,20,0.18181818181818182,99.24620000000003,582.7912531717924,16.778346759448198,1,1,0,0,0,1.3,0.26236426446749106
149.237,1.837,1,1,12.03,3,1,0,1,11,0.4,48.66770000000003,188.45310074746274,7.171208396324304,1,0,0,0,0,12.0,2.4849066497880004
192.262,1.58914,2,2,55.120000000000005,2,1,0,3,14,0.36363636363636365,58.195100000000025,311.64158890169955,8.794999636411992,1,0,0,0,0,12.0,2.4849066497880004
193.206,1.9451,1,3,65.26,3,1,0,5,14,0.2222222222222222,51.60430000000002,325.5608724292341,8.0065037492222,1,0,0,0,0,2.5,0.9162907318741551
231.26099999999997,3.2459000000000024,1,1,12.03,4,1,0,4,16,0.5,58.286700000000025,317.05534964618334,9.434858327348906,1,0,0,0,0,14.0,2.6390573296152584
276.745,1.7379,2,3,75.27000000000001,4,1,0,7,17,0.3,65.46320000000003,455.2647038490734,10.80699780094246,1,0,0,0,0,46.0,3.828641396489095
266.34099999999995,0.45210000000000006,3,4,84.57999999999998,8,1,0,5,19,0.5,73.98090000000003,369.52971325833266,11.42648240431471,1,0,0,0,0,6.1,1.8082887711792655
791.115,-0.4065000000000002,6,8,168.66,11,1,0,14,32,0.5,140.57759999999996,804.0625954975784,23.665683876223873,1,1,0,1,0,2.6,0.9555114450274363
267.36899999999997,1.6132,2,4,50.72,9,1,0,4,19,0.6,76.66250000000005,320.39647640386306,12.056238916311631,1,0,0,0,0,3.6,1.2809338454620642
323.13199999999995,0.9089999999999998,3,5,112.70000000000002,6,1,0,9,20,0.36363636363636365,72.56670000000003,447.43158391473025,11.582731161460758,1,0,0,0,0,4.6,1.5260563034950492
180.15899999999996,1.3101,1,3,63.60000000000001,2,1,0,4,13,0.1111111111111111,44.71030000000002,331.646476403863,6.9813595436500515,1,0,0,0,0,0.26,-1.3470736479666092
613.9150000000002,3.1154,3,3,95.50000000000001,3,1,0,9,20,0.18181818181818182,100.15970000000003,539.5412531717924,16.778346759448198,1,1,0,0,0,1.8,0.5877866649021191
239.315,1.3059999999999998,4,4,72.72,4,1,0,4,17,0.5384615384615384,66.74510000000004,354.79132668856164,10.565255425631475,1,0,0,0,0,2.4,0.8754687373538999
246.097,1.5455700000000003,3,2,78.97,2,1,0,6,15,0.1111111111111111,60.22280000000001,362.7748257561692,9.192542986464279,1,0,0,0,0,15.0,2.70805020110221
461.3860000000001,4.0119000000000025,2,4,95.94,14,1,0,9,30,0.5714285714285714,117.18400000000005,665.2787679011152,18.968569298348168,1,0,0,0,0,5.2,1.6486586255873816
225.288,1.5192999999999997,4,4,72.72,3,1,0,4,16,0.5,62.48710000000004,321.29620992274374,9.858148644444928,1,0,0,0,0,15.0,2.70805020110221
344.2530000000001,2.1115,2,4,67.59,7,1,0,6,20,0.5,85.22760000000004,435.5966868679966,13.788149120866684,1,0,0,0,0,2.9,1.0647107369924282
299.8020000000001,2.0023999999999997,2,4,67.59,7,1,0,6,20,0.5,82.53760000000004,435.5966868679966,12.958081527770435,1,0,0,0,0,7.2,1.9740810260220096
235.33100000000002,1.3403999999999996,2,3,58.36,6,1,0,4,17,0.46153846153846156,70.97560000000004,327.56087242923417,10.570640356658142,1,0,0,0,0,3.1,1.1314021114911006
336.4320000000001,2.3655,3,5,87.66,10,1,0,6,24,0.5555555555555556,94.62470000000005,532.9693340915088,14.887136937585868,1,0,0,0,0,3.5,1.252762968495368
246.14799999999997,-1.0169999999999997,1,1,20.23,2,1,0,3,13,0.4,52.28980000000004,258.49574977888085,9.874896061068899,1,0,0,0,0,1.8,0.5877866649021191
220.316,2.3216200000000002,2,2,41.13,5,1,0,3,16,0.46153846153846156,67.56440000000003,335.64647640386306,10.209213198785088,1,0,0,0,0,1.8,0.5877866649021191
264.32500000000005,2.4711,3,3,78.43,8,1,0,5,19,0.42857142857142855,72.70290000000003,372.28460076049606,10.893102209495101,1,0,0,0,0,0.76,-0.2744368457017603
461.3860000000001,4.0119000000000025,2,4,95.94,14,1,0,9,30,0.5714285714285714,117.18400000000005,665.2787679011152,18.968569298348168,1,0,0,0,0,1.2,0.1823215567939546
313.42300000000006,1.1297,2,4,78.51,8,1,0,7,21,0.5,85.02970000000005,521.9059719507595,13.534531539787832,1,0,0,0,0,3.8,1.33500106673234
831.9790000000002,-1.8447299999999895,11,11,323.88999999999993,10,2,2,22,57,0.5142857142857142,212.21819999999968,1742.2278287271452,32.73049464319462,4,1,0,1,1,4.2,1.4350845252893227
464.8580000000002,0.2649000000000006,6,9,181.61999999999998,2,1,3,11,32,0.38095238095238093,109.93990000000001,1114.93758291649,17.790478528932947,4,0,0,1,0,12.0,2.4849066497880004
585.6580000000004,0.5132000000000028,7,11,205.75999999999996,6,1,3,13,42,0.5172413793103449,154.38649999999993,1404.4652053238622,24.824346424362968,4,1,0,1,1,48.0,3.871201010907891
444.44000000000017,-0.3475999999999985,6,9,181.62,2,1,3,10,32,0.4090909090909091,109.7749,1100.8475349020036,17.60417886709797,4,0,0,1,0,14.0,2.6390573296152584
457.48300000000023,0.1866000000000017,5,9,164.63,3,1,3,10,33,0.43478260869565216,118.00110000000006,1128.8146682914812,18.78634162190219,4,0,0,0,0,17.0,2.833213344056216
444.44000000000017,-0.21439999999999837,6,9,181.61999999999998,2,1,3,10,32,0.4090909090909091,109.54090000000002,1112.6924704186536,17.656585109905265,4,0,0,1,0,9.4,2.2407096892759584
460.43900000000014,-1.2435999999999974,7,10,201.84999999999997,2,1,3,11,33,0.4090909090909091,110.9307,1144.478436744145,17.9740421934083,4,0,0,1,0,10.0,2.302585092994046
478.8850000000002,0.4390000000000007,6,9,181.61999999999998,2,1,3,11,33,0.4090909090909091,114.55090000000003,1158.663879208411,18.71312825974332,4,0,0,1,0,7.0,1.9459101490553132
351.4090000000001,1.95092,2,6,99.59999999999998,2,2,1,9,23,0.14285714285714285,86.42030000000003,895.0198856750143,13.902626746622772,3,0,0,0,0,18.0,2.8903717578961645
1449.2710000000004,0.10620000000000512,19,25,530.4900000000002,13,5,7,35,101,0.42424242424242425,349.2917000000005,3941.518229009237,55.836384867552795,12,1,0,1,1,6.5,1.8718021769015913
1755.6580000000004,2.692200000000017,23,28,598.0900000000001,30,5,7,41,121,0.525,432.337500000001,4483.621719616761,69.51838875256232,12,1,0,1,1,6.7,1.9021075263969205
551.6250000000002,4.203900000000004,2,10,145.65,10,4,0,12,39,0.25925925925925924,144.65729999999982,1474.4209692743436,22.767120824669668,4,1,0,0,0,4.1,1.410986973710262
375.5590000000001,5.044840000000004,1,4,40.540000000000006,6,2,1,5,25,0.45,106.60780000000004,691.4362826526033,16.458907526504,3,0,1,0,0,10.0,2.302585092994046
241.68200000000002,0.8181199999999997,2,6,71.43,2,1,1,7,16,0.4444444444444444,62.258400000000016,410.2916414150851,9.797996058364514,2,0,0,0,0,2.2,0.7884573603642703
325.77400000000006,4.324220000000002,0,3,30.18,1,3,1,5,23,0.1111111111111111,89.05400000000004,918.9614111241563,13.179407613240338,4,0,0,0,0,3.1,1.1314021114911006
335.4730000000002,2.1975999999999996,1,3,56.410000000000004,6,2,1,6,23,0.5294117647058824,93.98750000000005,746.4322608471225,14.69481718838357,3,0,0,0,0,3.4,1.2237754316221157
494.0130000000003,3.641700000000003,3,5,113.6,8,2,1,10,33,0.391304347826087,126.20940000000004,1037.7172007676527,19.968429364561423,3,0,0,0,0,2.2,0.7884573603642703
310.43700000000007,3.6586000000000025,1,2,37.3,1,0,4,2,23,0.6666666666666666,90.39880000000005,626.9139762661246,13.924011507786663,4,0,0,0,0,10.0,2.302585092994046
504.4500000000004,5.081040000000003,6,8,155.52,0,8,0,8,38,0.06666666666666667,145.7308,2142.11323417405,19.809179230685977,8,1,1,1,0,42.0,3.7376696182833684
520.4490000000004,4.2649200000000045,7,9,175.75,1,8,0,9,39,0.06666666666666667,146.91660000000002,2501.694002123776,19.963499607372484,8,1,0,1,0,20.0,2.995732273553991
305.341,2.6407800000000003,0,5,74.28999999999999,3,3,0,6,23,0.17647058823529413,86.83900000000004,899.1781649353562,12.892874933477584,3,0,0,0,0,1.1,0.09531017980432493
318.5010000000001,4.595200000000005,1,2,37.3,1,0,4,2,23,0.9523809523809523,91.90480000000007,490.2667786696706,15.183524531780508,4,0,0,0,0,4.7,1.547562508716013
627.9770000000007,5.553200000000005,5,7,133.91,16,0,4,9,43,1.0,173.83019999999968,937.0851272670144,28.715585175040275,4,1,1,0,0,9.5,2.2512917986064953
586.6890000000004,4.0911000000000035,1,9,114.2,4,3,4,10,43,0.5151515151515151,159.94579999999968,1641.7653519348282,24.85644893119235,7,1,0,0,0,9.0,2.1972245773362196
416.6460000000003,5.560600000000006,3,3,60.69,5,0,3,3,30,0.7777777777777778,123.96840000000007,656.6421048203703,19.771997727888515,3,0,1,0,0,5.3,1.667706820558076
316.15799999999996,2.6336000000000004,1,3,54.35,1,2,1,5,19,0.07142857142857142,77.51470000000002,644.993457532804,11.51519515910164,3,0,0,0,0,21.0,3.044522437723423
277.411,4.168600000000003,0,1,3.24,3,2,1,1,21,0.3,90.54200000000006,597.0928158904169,12.971793142952784,3,0,0,0,0,17.0,2.833213344056216
263.38399999999996,3.826400000000003,1,1,12.03,3,2,1,1,20,0.2631578947368421,85.91470000000005,569.9403664520747,12.024579547452825,3,0,0,0,0,30.0,3.4011973816621555
302.242,2.9096000000000006,4,6,139.78,4,2,0,8,22,0.0,74.30820000000001,692.1029326164897,10.963879769065231,2,0,0,0,0,0.9,-0.10536051565782628
481.5460000000002,2.4017,3,7,140.92,10,2,0,11,33,0.4090909090909091,122.67920000000005,1071.6033928251336,19.621101773871878,2,0,0,0,0,2.0,0.6931471805599453
286.33900000000006,1.0922999999999998,3,7,101.88,4,2,2,7,21,0.5,79.74990000000001,681.3713770062898,11.605946986573365,4,0,0,0,0,1.0,0.0
233.24499999999998,-0.794999999999999,1,4,91.75,1,0,2,7,15,0.75,49.67360000000002,428.65876890438045,9.113972543812757,2,0,0,0,0,1.1,0.09531017980432493
255.27299999999997,2.291,1,3,59.3,3,2,1,4,19,0.2,69.30030000000002,625.3128512525466,10.243939487817746,3,0,0,0,0,5.1,1.62924053973028
358.46000000000004,1.4326000000000003,4,5,129.72,11,0,1,8,24,0.6875,92.53670000000004,486.1676999572451,14.895958697660886,1,0,0,0,0,0.86,-0.15082288973458366
347.3960000000001,0.4449000000000012,3,5,112.73,4,1,2,8,24,0.3125,88.72890000000004,700.8136753725647,13.747176137676279,3,0,0,0,0,0.57,-0.5621189181535413
363.3950000000001,0.15050000000000108,4,6,132.96,4,1,2,9,25,0.3125,90.39370000000002,740.7479189415172,14.117039463986611,3,0,0,0,0,1.1,0.09531017980432493
389.4330000000001,0.7067000000000008,4,6,132.96,5,1,2,9,27,0.2777777777777778,99.53370000000001,812.0992132102905,15.271740002365862,3,0,0,0,0,1.2,0.1823215567939546
399.9660000000002,5.972400000000006,1,4,37.39,9,3,0,5,28,0.43478260869565216,120.91770000000005,914.1135577352946,18.013554690751583,3,0,1,0,0,120.0,4.787491742782046
537.6430000000004,-1.8538299999999928,6,8,192.39000000000001,8,0,4,14,37,0.6956521739130435,135.08909999999997,981.5084951819773,21.955248851383125,4,1,0,1,0,1.7,0.5306282510621704
358.43400000000014,1.7658,2,5,91.67,2,0,4,5,26,0.6666666666666666,94.04860000000004,746.0000000000002,15.325914364648549,4,0,0,0,0,2.9,1.0647107369924282
265.36,2.4789000000000003,0,3,19.37,0,2,2,3,20,0.35294117647058826,81.06900000000005,625.4403664520747,11.788870064763074,4,0,0,0,0,15.0,2.70805020110221
243.30999999999997,1.3435,3,2,70.91,2,2,1,4,18,0.35714285714285715,71.68930000000002,597.7709903113303,10.416319979971636,3,0,0,0,0,24.0,3.1780538303479458
331.244,-0.13170000000000015,2,8,153.12,4,3,0,11,24,0.07692307692307693,80.24090000000001,1043.8467583301567,11.871167556953784,3,0,0,0,0,0.78,-0.2484613592984996
373.45700000000016,2.068,1,7,93.81000000000002,5,2,1,8,27,0.5263157894736842,105.37240000000006,795.2807481589018,16.195397529266135,3,0,0,0,0,2.0,0.6931471805599453
228.20799999999997,-2.1388,3,8,123.49,2,1,1,8,16,0.625,52.32400000000001,410.2916414150851,8.353529466748741,2,0,0,0,0,0.58,-0.5447271754416722
244.207,-3.1679999999999997,4,9,143.72000000000003,2,1,1,9,17,0.625,53.71380000000001,437.59668686799665,8.670986550251778,2,0,0,0,0,0.36,-1.0216512475319814
637.7440000000003,2.9699000000000044,0,5,55.84,4,0,6,7,41,0.9411764705882353,156.37039999999976,927.6849820434247,28.13099879866761,6,1,0,0,0,1.4,0.3364722366212129
424.52200000000016,4.744400000000003,2,5,92.42,10,3,0,7,30,0.2608695652173913,116.97810000000005,1000.6900590741785,17.561782162958522,3,0,0,0,0,2.1,0.7419373447293773
506.7090000000003,4.050520000000002,3,7,112.05000000000001,2,1,2,8,35,0.7407407407407407,137.92530000000002,919.5896981668343,22.9454665887328,3,1,0,0,0,17.0,2.833213344056216
299.761,2.950700000000001,1,3,50.459999999999994,1,2,1,5,21,0.125,85.75410000000004,714.9584596487582,12.262477835195018,3,0,0,0,0,8.3,2.1162555148025524
196.68099999999998,1.7495999999999998,1,2,15.27,1,1,1,3,13,0.4,56.53470000000003,269.1217287664019,8.218935216032335,2,0,0,0,0,4.7,1.547562508716013
355.45800000000014,2.4327000000000005,2,4,62.58,4,2,3,5,26,0.47619047619047616,100.83200000000006,831.0472389787508,15.42878900110307,5,0,0,0,0,6.7,1.9021075263969205
347.46200000000016,3.604800000000002,2,2,48.13,5,3,1,4,26,0.3181818181818182,105.37290000000003,843.8903999564449,14.948955534168995,4,0,0,0,0,4.3,1.4586150226995167
500.57900000000024,4.430000000000004,1,6,80.67,4,0,4,9,34,0.72,120.86780000000005,943.0851272670144,20.593181107224428,4,1,0,0,0,6.0,1.791759469228055
392.4670000000002,1.8957000000000002,3,5,94.83,2,0,4,6,28,0.7272727272727273,99.94440000000004,779.8600237553158,16.613087630696945,4,0,0,0,0,5.6,1.7227665977411035
521.0500000000003,4.086800000000004,1,7,106.97000000000001,6,0,4,8,36,0.7142857142857143,133.01780000000002,1016.6385287573654,22.52179610994403,4,1,0,0,0,0.5,-0.6931471805599453
392.4670000000002,1.8957000000000002,3,5,94.83,2,0,4,6,28,0.7272727272727273,99.94440000000004,779.8600237553158,16.613087630696945,4,0,0,0,0,3.7,1.308332819650179
374.4770000000001,1.8036,3,5,94.83000000000001,2,0,4,5,27,0.7272727272727273,99.59540000000004,735.1372703609896,16.312473426877347,4,0,0,0,0,2.3,0.8329091229351039
360.4500000000002,1.5575999999999999,3,5,94.83,2,0,4,5,26,0.7142857142857143,95.04840000000003,705.549955182672,15.44222993887427,4,0,0,0,0,3.4,1.2237754316221157
411.473,4.628100000000003,3,4,82.69,8,3,0,6,30,0.2916666666666667,115.63440000000003,1023.8356010718339,16.994834207311158,3,0,0,0,0,0.7,-0.35667494393873245
454.6110000000002,5.093080000000005,0,6,63.95,13,2,0,6,33,0.5185185185185185,131.65600000000003,910.1209336224804,21.10440614311549,2,0,1,0,0,2.8,1.0296194171811581
488.6140000000004,2.07042,1,8,112.9,8,3,1,11,34,0.5217391304347826,129.81750000000005,1294.0575928603212,20.98271106780809,4,0,0,0,0,4.5,1.5040773967762742
232.23899999999995,0.7004,2,3,75.27000000000001,2,1,1,5,17,0.25,60.092400000000026,442.0714945547326,9.318602998526266,2,0,0,0,0,99.0,4.59511985013459
224.21599999999998,-0.7090799999999999,2,5,84.32,2,1,1,6,16,0.4,56.19550000000001,507.57522743151236,8.713030189526183,2,0,0,0,0,1.4,0.3364722366212129
314.257,1.7404999999999997,1,6,118.05000000000001,4,2,1,9,23,0.07142857142857142,78.63710000000002,777.7007329458512,11.63144090433312,3,0,0,0,0,10.0,2.302585092994046
329.3710000000001,3.326500000000002,1,4,39.72,4,2,2,5,24,0.3684210526315789,88.17770000000006,679.6845403537218,13.33439567304019,4,0,0,0,0,13.0,2.5649493574615367
381.9070000000002,4.297500000000004,0,4,38.13,3,3,1,5,27,0.36363636363636365,110.64600000000006,971.0860983925946,16.32257560581734,4,0,0,0,0,22.0,3.091042453358316
285.31,2.65916,0,5,78.29,3,3,0,5,22,0.058823529411764705,79.57700000000001,759.5491230820353,11.586920938585678,3,0,0,0,0,45.0,3.8066624897703196
284.356,0.8069000000000008,3,4,101.65,6,0,1,6,20,0.7142857142857143,75.15890000000003,367.4995490565423,12.257380425588947,1,0,0,0,0,1.8,0.5877866649021191
810.9889999999998,3.9909000000000034,3,12,154.10000000000002,7,3,6,13,59,0.5869565217391305,220.4282999999993,2200.6286281380094,35.30018383407435,9,1,0,0,1,67.0,4.204692619390966
753.9409999999998,2.732400000000003,5,10,164.82,6,3,6,12,55,0.5813953488372093,208.05949999999947,2065.6193377834943,32.60000282737235,9,1,0,0,0,35.0,3.5553480614894135
824.9719999999999,3.5175000000000027,3,12,171.17,8,3,6,14,60,0.5652173913043478,220.56829999999934,2251.0661643479334,35.28578239372784,9,1,0,0,1,23.0,3.1354942159291497
406.482,3.738000000000002,3,5,75.74000000000001,10,4,0,6,30,0.25,118.66520000000004,1081.5498260684137,16.92858882191325,4,0,0,0,0,2.4,0.8754687373538999
339.4350000000001,2.512500000000001,2,4,52.93000000000001,2,1,5,4,25,0.6190476190476191,93.93060000000004,781.473203725541,14.500601453590798,6,0,0,0,0,8.8,2.174751721484161
322.836,2.3787000000000003,0,4,32.78,3,1,2,5,22,0.5882352941176471,87.24650000000005,493.3447774401662,13.921802981215446,3,0,0,0,0,8.6,2.151762203259462
207.226,-3.262099999999999,5,6,104.39000000000001,3,0,1,6,14,1.0,47.553000000000026,161.42124551085624,7.821109774504443,1,0,0,0,0,2.3,0.8329091229351039
467.6500000000003,4.413800000000004,2,5,62.16,4,1,7,5,34,0.7931034482758621,130.19960000000003,1032.8534171362353,21.48620001324428,8,0,0,0,0,3.2,1.1631508098056809
372.4210000000001,1.8640999999999996,4,6,114.03999999999999,8,2,1,7,27,0.35,99.93520000000004,795.6807640604237,15.143751609844331,3,0,0,0,0,11.0,2.3978952727983707
383.4700000000002,-0.3079999999999994,3,6,110.17999999999999,5,0,3,9,26,0.7058823529411765,96.11130000000004,640.9494616147808,16.11665930229386,3,0,0,0,0,1.0,0.0
339.4170000000001,0.6987700000000001,3,5,104.92999999999999,4,0,3,8,23,0.6666666666666666,86.05330000000004,570.8457306866738,13.967924035823843,3,0,0,0,0,0.96,-0.040821994520255166
338.77200000000005,0.9242000000000001,3,4,109.49000000000001,2,2,1,8,22,0.07142857142857142,79.7322,862.6613657458568,12.649398910827827,3,0,0,0,0,36.0,3.58351893845611
211.22400000000002,1.617,1,3,69.53999999999999,1,2,0,4,16,0.08333333333333333,59.74570000000002,592.1708164434208,8.68942682741191,2,0,0,0,0,0.8,-0.2231435513142097
187.202,1.0191,2,3,71.77,1,2,0,4,14,0.0,54.706100000000006,474.89153898843506,7.396913770291203,2,0,0,0,0,2.0,0.6931471805599453
467.52000000000015,-6.295799999999999,10,14,268.17,6,0,3,14,32,1.0,108.37100000000002,562.3856189774724,17.667143378704328,3,0,0,1,1,2.0,0.6931471805599453
569.6090000000002,-7.5244000000000115,12,16,297.72,9,0,3,17,39,0.9545454545454546,130.29120000000003,758.0000000000002,21.81511832178885,3,1,0,1,1,24.0,3.1780538303479458
585.6080000000002,-8.424200000000015,13,17,331.93999999999994,10,0,3,18,40,0.9545454545454546,131.42570000000003,760.0000000000003,21.701489506044236,3,1,0,1,1,2.4,0.8754687373538999
484.5030000000001,-7.2913999999999985,11,15,282.61,6,0,3,15,33,1.0,107.79220000000001,538.8457306866737,17.854463788517695,3,0,0,1,1,2.1,0.7419373447293773
451.52100000000013,-5.266599999999998,9,13,247.93999999999994,6,0,3,13,31,1.0,106.98120000000003,534.1564000692313,17.34968629520129,3,0,0,1,1,2.4,0.8754687373538999
236.23099999999997,-0.21050000000000008,2,6,93.03,2,2,1,7,17,0.5,58.378500000000024,566.9809900073167,9.036072383245706,3,0,0,0,0,1.4,0.3364722366212129
326.83100000000013,3.7227000000000023,1,4,30.869999999999997,0,2,2,5,23,0.2777777777777778,96.44370000000004,742.3836693984008,13.845413214601129,4,0,0,0,0,10.0,2.302585092994046
410.4930000000003,3.5904200000000026,0,6,64.16,4,3,2,7,30,0.5217391304347826,112.25800000000005,1095.0041172379445,17.363784324560765,5,0,0,0,0,3.2,1.1631508098056809
253.345,3.238000000000002,0,2,12.47,1,2,1,2,19,0.29411764705882354,77.01300000000005,526.7443909592532,11.250284921419725,3,0,0,0,0,5.0,1.6094379124341003
358.8500000000001,4.175920000000004,0,4,59.92,3,3,0,6,24,0.1111111111111111,95.76080000000003,951.5518261639394,14.765714485053548,3,0,0,0,0,26.0,3.258096538021482
1390.7280000000007,-10.892399999999943,24,36,627.17,19,0,9,36,96,1.0,345.4534000000001,2189.36996408685,57.1744023832138,9,1,0,1,1,4.7,1.547562508716013
405.44100000000014,2.363600000000001,3,5,70.95,6,2,2,7,29,0.45454545454545453,103.15730000000003,760.4271093830614,15.982996096961642,4,0,0,0,0,10.0,2.302585092994046
313.39700000000005,3.1938000000000004,1,4,39.72,6,2,1,4,23,0.3684210526315789,90.03170000000006,577.997122602007,13.404024957223667,3,0,0,0,0,10.0,2.302585092994046
643.6420000000002,-0.1262999999999988,7,14,235.52999999999997,6,2,4,14,46,0.53125,155.03419999999986,1507.4946222576132,25.159457280834292,6,1,0,1,1,21.0,3.044522437723423
194.154,-2.078099999999999,1,7,108.17000000000002,1,2,0,8,14,0.16666666666666666,44.5409,546.9122650081279,7.207265096806768,2,0,0,0,0,1.5,0.4054651081081644
1030.3029999999999,5.722400000000009,4,16,241.95999999999992,10,0,4,17,73,0.75,271.2891999999995,1946.1992447445894,45.28865456465683,4,1,1,0,1,18.0,2.8903717578961645
774.981,5.374300000000005,0,7,120.65,14,4,2,11,54,0.32558139534883723,214.18779999999936,2368.5687256876413,35.41991604066155,6,1,1,0,0,0.065,-2.7333680090865
273.376,2.7677000000000014,0,3,29.54,4,1,1,3,20,0.47058823529411764,80.60200000000005,466.07149455473257,12.503832673504338,2,0,0,0,0,5.0,1.6094379124341003
259.349,2.4255000000000004,1,3,38.33,4,1,1,3,19,0.4375,75.97470000000004,440.36593163707147,11.55661907800438,2,0,0,0,0,4.4,1.4816045409242156
430.5960000000001,3.6921800000000013,1,4,73.36,7,2,2,5,32,0.48148148148148145,126.91740000000003,860.015601275144,18.87891663110165,4,0,0,0,0,8.0,2.0794415416798357
554.592,-1.198999999999999,4,15,215.22000000000003,8,2,2,18,36,0.3333333333333333,129.41870000000003,1307.9842020354326,21.016799469625347,4,1,0,0,1,8.6,2.151762203259462
383.3760000000001,2.8843000000000005,1,6,92.32000000000001,7,3,0,10,26,0.25,90.17910000000002,862.8757374499545,14.679302566589715,3,0,0,0,0,1.9,0.6418538861723947
345.4240000000001,2.8997400000000013,1,5,83.09,5,3,0,7,24,0.29411764705882354,93.02110000000005,847.8459685641886,14.860424791728146,3,0,0,0,0,0.58,-0.5447271754416722
369.3680000000001,3.515220000000001,1,4,73.86,5,3,0,9,25,0.25,86.73010000000004,808.8459685641888,13.947877239857766,3,0,0,0,0,1.0,0.0
359.451,2.989420000000001,1,5,83.09,8,3,0,7,25,0.3333333333333333,97.16810000000005,772.771304175532,15.136445673667042,3,0,0,0,0,1.0,0.0
365.4110000000001,0.023700000000000443,4,6,132.96,4,1,2,9,25,0.4375,90.69370000000004,700.0587878704014,14.487282951989688,3,0,0,0,0,1.1,0.09531017980432493
349.4120000000001,0.3181000000000002,3,5,112.73,4,1,2,8,24,0.4375,89.02890000000005,660.5385429054422,14.117419625679355,3,0,0,0,0,1.4,0.3364722366212129
378.4060000000001,0.4864999999999999,3,5,124.01,5,1,2,9,26,0.4117647058823529,92.47730000000006,745.5028064436807,14.89553124245355,3,0,0,0,0,1.1,0.09531017980432493
414.4610000000002,0.2472000000000002,3,6,141.07999999999998,5,1,2,11,27,0.4375,96.39010000000006,859.8732096443597,16.028524404309003,3,0,0,0,0,1.2,0.1823215567939546
334.39700000000005,0.8607999999999998,2,4,86.71000000000001,4,1,2,7,23,0.4375,85.80450000000005,631.2619736352974,13.669825868486651,3,0,0,0,0,0.7,-0.35667494393873245
349.4120000000001,0.34860000000000113,3,5,112.73,4,0,3,8,24,0.4375,89.79090000000002,664.1518798246972,14.006689161670122,3,0,0,0,0,0.85,-0.16251892949777494
588.7060000000002,1.6518999999999993,7,11,202.80999999999997,18,2,1,13,42,0.6206896551724138,156.13529999999986,1121.8647541672863,24.061617863218828,3,1,0,1,1,1.3,0.26236426446749106
236.27099999999993,1.2012999999999998,1,3,66.48,1,0,2,5,17,0.5833333333333334,60.966700000000024,407.7542475909891,10.077735860827365,2,0,0,0,0,4.9,1.589235205116581
900.0559999999999,5.440300000000005,3,14,193.21999999999997,14,3,4,15,64,0.4897959183673469,234.3117999999993,2194.5234027592974,37.924493354788126,7,1,1,0,1,32.0,3.4657359027997265
534.5800000000003,-1.4421999999999964,5,12,203.44,6,1,4,16,36,0.45,128.0171,1178.2440288325856,20.342370106205752,5,1,0,0,1,3.3,1.1939224684724346
475.52300000000025,0.9407000000000005,5,7,156.26999999999998,7,1,3,11,33,0.45454545454545453,119.44830000000005,1012.228837676174,18.83430866951623,4,0,0,0,0,3.8,1.33500106673234
575.6320000000002,-1.3974999999999984,4,14,219.92999999999995,9,1,3,19,36,0.4117647058823529,127.98470000000002,1160.2440288325852,21.62522876679121,4,1,0,0,1,4.5,1.5040773967762742
430.3900000000001,1.0550999999999997,5,7,153.75,11,0,1,10,29,0.42105263157894735,105.44750000000002,683.549955182672,16.837575768879898,1,0,0,0,0,1.5,0.4054651081081644
384.4350000000001,0.5479999999999997,3,6,124.01,5,1,2,10,25,0.4666666666666667,90.35430000000005,709.2292732197021,14.965575575465888,3,0,0,0,0,1.0,0.0
666.9100000000002,5.475600000000007,2,4,46.94,6,2,9,6,50,0.45454545454545453,198.41839999999945,1820.1984264205814,29.129781893403926,11,1,1,0,0,3.6,1.2809338454620642
356.44200000000023,1.6699999999999997,2,4,66.76,2,1,5,5,26,0.6666666666666666,94.14300000000006,826.6852198454238,15.201742962868114,6,0,0,0,0,2.5,0.9162907318741551
296.414,2.656500000000001,0,2,23.550000000000004,1,1,5,3,22,0.631578947368421,86.10950000000005,602.4643673737443,13.130738127280466,6,0,0,0,0,39.0,3.6635616461296463
309.45300000000003,4.292000000000004,0,2,20.310000000000002,7,2,0,2,23,0.38095238095238093,96.72800000000007,567.5012745620886,14.620528409422803,2,0,0,0,0,31.0,3.4339872044851463
353.50600000000003,4.654600000000005,0,3,29.54,8,2,0,3,26,0.43478260869565216,107.27500000000006,626.199202860212,16.606126969076293,2,0,0,0,0,18.0,2.8903717578961645
383.53200000000004,4.4878000000000045,0,4,38.77,11,2,0,4,28,0.4583333333333333,113.20100000000005,636.9929542862463,17.55834533391017,2,0,0,0,0,34.0,3.5263605246161616
255.36100000000002,3.3542000000000023,0,2,12.47,6,2,0,2,19,0.29411764705882354,79.23300000000006,416.4116881365323,11.620528409422803,2,0,0,0,0,9.3,2.2300144001592104
281.44300000000004,4.985200000000004,1,1,12.03,5,2,0,1,21,0.4,91.69470000000007,479.46969799903,13.63531001146206,2,0,0,0,0,56.0,4.02535169073515
325.496,5.341420000000006,1,2,23.47,7,2,0,2,24,0.45454545454545453,102.72380000000005,613.7414995577616,15.659493714458899,2,0,1,0,0,2.4,0.8754687373538999
584.683,0.9987200000000007,4,13,197.39999999999998,10,2,2,17,37,0.35,138.67169999999996,1273.0240550832373,22.554223931203566,4,1,0,0,1,4.2,1.4350845252893227
331.34400000000005,0.8772000000000002,1,6,85.07999999999998,5,2,0,9,22,0.38461538461538464,74.58260000000003,726.3504291183772,12.757233176661906,2,0,0,0,0,49.0,3.8918202981106265
262.35599999999994,2.994300000000001,1,2,24.39,3,2,2,2,20,0.2777777777777778,82.07570000000004,582.1025908947438,11.419386900145488,4,0,0,0,0,7.3,1.9878743481543455
308.337,2.5207000000000006,1,4,62.540000000000006,2,3,0,5,23,0.1111111111111111,90.0293,923.4046930684679,12.854289790134235,3,0,0,0,0,31.0,3.4339872044851463
861.9350000000002,0.7855000000000025,5,14,318.94999999999993,8,2,4,18,61,0.5581395348837209,214.44579999999948,1923.1984264205812,35.384962475611374,6,1,0,0,1,11.0,2.3978952727983707
233.3549999999999,3.1557000000000013,1,2,23.47,2,1,1,2,17,0.6,71.42380000000004,366.05598919505206,10.946468954877707,2,0,0,0,0,1.7,0.5306282510621704
466.41000000000014,-2.8756999999999975,5,12,253.9,9,1,1,18,30,0.3333333333333333,96.29990000000001,951.4316966362481,16.2525089523151,2,0,0,0,1,1.6,0.47000362924573563
435.44000000000017,-1.1724999999999979,4,10,201.57999999999998,7,1,1,15,28,0.46153846153846156,95.65050000000004,904.9945542993928,16.444448539824652,2,0,0,0,0,1.5,0.4054651081081644
253.718,1.7157999999999993,2,6,62.2,1,2,1,7,16,0.2222222222222222,66.3524,540.1636942068736,9.769193177671493,3,0,0,0,0,2.4,0.8754687373538999
335.3410000000001,1.48242,2,6,112.74,2,2,1,9,23,0.14285714285714285,80.80930000000004,895.0198856750143,13.086130165695048,3,0,0,0,0,33.0,3.4965075614664802
445.54500000000024,2.0781199999999993,3,6,130.14999999999998,7,2,1,10,31,0.42857142857142855,114.97440000000005,959.3387605423251,18.24336457688017,3,0,0,0,0,3.3,1.1939224684724346
454.4770000000001,-6.652299999999997,10,14,262.38,6,0,3,14,31,1.0,101.78540000000001,548.2415647232907,16.829899923828112,3,0,0,1,1,2.5,0.9162907318741551
609.7230000000003,6.018000000000007,1,8,111.00999999999999,10,3,2,9,45,0.3333333333333333,171.3030999999995,1525.6964177936284,25.953918439933318,5,1,1,0,0,22.0,3.091042453358316
435.5010000000002,4.161700000000003,2,3,94.91000000000001,9,1,2,7,30,0.6521739130434783,116.75810000000004,730.5616326071515,18.512109972146916,3,0,0,0,0,9.4,2.2407096892759584
267.31,1.67444,2,5,98.22,3,2,0,7,18,0.18181818181818182,67.63990000000003,631.8467994149182,10.783454684231266,2,0,0,0,0,7.4,2.0014800002101243
246.30599999999995,1.6656,2,3,57.53,1,0,3,3,18,0.5333333333333333,67.86660000000002,542.5873848810925,11.001346094213048,3,0,0,0,0,0.3,-1.2039728043259361
403.9790000000002,3.942700000000003,1,5,29.950000000000003,6,2,2,6,27,0.42857142857142855,113.60580000000004,748.3836693984008,17.052905587425414,4,0,0,0,0,9.4,2.2407096892759584
373.95300000000015,4.580200000000004,0,4,9.72,4,2,2,5,25,0.4,107.57700000000006,718.5682114170602,16.19147842955236,4,0,0,0,0,9.0,2.1972245773362196
495.6390000000002,5.270900000000005,1,5,67.45,11,3,1,7,36,0.5172413793103449,139.52769999999992,1108.8096335720898,21.85014320759975,4,0,1,0,0,13.0,2.5649493574615367
261.36499999999995,3.4167000000000014,2,3,45.4,4,2,0,3,19,0.5,78.30750000000005,536.6539192025465,12.156426794285046,2,0,0,0,0,2.3,0.8329091229351039
260.271,-1.6040000000000003,4,7,125.90000000000002,3,1,1,8,17,0.5555555555555556,57.345300000000016,395.92573881307226,9.501304230643452,2,0,0,0,0,5.9,1.7749523509116738
397.51500000000016,4.925200000000005,1,5,48.95,9,2,1,5,29,0.4166666666666667,117.13770000000007,837.3570823519775,17.839735464112493,3,0,0,0,0,9.3,2.2300144001592104
160.17999999999998,0.9153999999999998,2,4,63.83,1,2,0,4,12,0.0,47.34810000000002,382.66537277547695,6.358528806137672,2,0,0,0,0,0.96,-0.040821994520255166
400.50000000000017,2.5947000000000005,1,5,75.71000000000001,7,2,2,7,28,0.38095238095238093,105.94700000000003,941.5085335893708,16.45085151975947,4,0,0,0,0,1.2,0.1823215567939546
474.5870000000004,1.6109,1,8,113.41999999999999,7,3,1,11,33,0.5,125.98550000000004,1277.7922181132926,20.27560428662154,4,0,0,0,0,3.9,1.3609765531356006
470.01700000000034,3.5519000000000025,0,7,55.53,10,3,1,8,33,0.44,132.52399999999997,1037.1424074106983,19.953678212027313,4,0,0,0,0,1.2,0.1823215567939546
340.4200000000001,1.4621,3,4,106.94000000000001,7,0,2,7,24,0.8235294117647058,87.56230000000005,468.4299824400823,14.402884472145429,2,0,0,0,0,29.0,3.367295829986474
137.142,-0.3149000000000006,2,3,68.00999999999999,1,1,0,4,10,0.0,35.89060000000001,208.73973650167846,5.2422132319119505,1,0,0,0,0,1.0,0.0
283.113,-0.3744000000000002,5,4,148.18,4,1,0,10,17,0.2857142857142857,56.979000000000035,428.0714945547326,10.199567584872275,1,0,0,0,0,200.0,5.298317366548036
311.46900000000005,3.9624000000000033,1,2,23.47,5,1,3,2,23,0.6190476190476191,94.09080000000006,536.4165549460382,14.031890913575106,4,0,0,0,0,24.0,3.1780538303479458
371.3930000000001,2.5822000000000003,1,8,103.55,4,2,1,8,27,0.3684210526315789,96.32470000000004,939.3285550399271,15.822419989267363,3,0,0,0,0,3.3,1.1939224684724346
747.9640000000002,2.439700000000004,4,14,182.91,8,0,3,14,52,0.9473684210526315,191.0481999999994,1138.680550712019,33.89898375426513,3,1,0,0,1,2.8,1.0296194171811581
733.9370000000002,1.785600000000004,5,14,193.91,7,0,3,14,51,0.9459459459459459,186.25799999999953,1118.8599648801649,32.93794905930123,3,1,0,0,1,2.0,0.6931471805599453
362.40700000000004,2.4247000000000005,2,5,109.93,5,2,1,8,25,0.23529411764705882,92.73750000000004,857.7543718350817,14.199394502510158,3,0,0,0,0,1.3,0.26236426446749106
546.5870000000002,-1.2991999999999946,3,11,191.22,9,2,2,15,37,0.3181818181818182,129.5559,1266.3004395586297,21.245413448145875,4,1,0,0,1,1.8,0.5877866649021191
360.36600000000004,2.5657000000000005,1,7,107.77000000000001,5,1,1,8,26,0.3333333333333333,93.02210000000004,795.0821455062323,14.990561465417816,2,0,0,0,0,8.2,2.1041341542702074
408.88200000000006,2.266300000000001,2,7,99.88000000000001,8,1,1,8,28,0.4,105.57710000000003,768.9829787298676,16.967663611230947,2,0,0,0,0,34.0,3.5263605246161616
384.259,3.9643000000000033,1,5,64.63,4,1,1,7,25,0.3333333333333333,96.38770000000002,752.2430314393533,15.91728785785587,2,0,0,0,0,10.0,2.302585092994046
456.3220000000001,4.245200000000003,1,7,90.92999999999999,7,1,1,9,30,0.38095238095238093,111.71370000000002,884.6134346400327,18.64799800115669,2,0,0,0,0,0.3,-1.2039728043259361
388.4200000000001,3.201800000000002,1,7,107.77000000000001,6,1,1,8,28,0.4,102.18610000000007,838.5442158275404,16.567911734607442,2,0,0,0,0,11.0,2.3978952727983707
346.33900000000006,2.1756,1,7,107.77000000000001,4,1,1,8,25,0.29411764705882354,88.40510000000003,742.0112669530288,14.283454684231268,2,0,0,0,0,1.9,0.6418538861723947
418.44600000000014,2.9708000000000014,1,8,117.0,8,1,1,9,30,0.42857142857142855,108.43610000000007,869.0543156263369,17.68326680625785,2,0,0,0,0,1.3,0.26236426446749106
376.4530000000002,2.0002999999999997,0,6,76.15,7,1,1,7,27,0.55,101.27300000000007,625.2619736352973,16.272167457573197,2,0,0,0,0,0.8,-0.2231435513142097
161.65699999999998,2.2328200000000002,0,2,12.89,2,1,0,3,9,0.5,41.27500000000002,171.91892022351715,6.797415717481949,1,0,0,0,0,4.5,1.5040773967762742
337.456,-0.7679999999999998,4,6,175.82999999999998,7,1,0,12,20,0.375,83.0924,567.309427034763,12.840443671110142,1,0,0,0,0,2.8,1.0296194171811581
331.4670000000001,1.3224999999999998,2,8,83.33,10,1,0,9,21,0.5833333333333334,87.80680000000004,442.358296621747,14.090754773336222,1,0,0,0,0,1.5,0.4054651081081644
263.2,-1.2886,3,7,110.60000000000001,2,1,1,9,18,0.5555555555555556,54.85900000000001,475.0568320482422,9.032488305270315,2,0,0,0,0,1.0,0.0
211.22099999999998,-0.5046000000000002,2,6,90.36999999999999,2,1,1,6,15,0.5555555555555556,53.13920000000002,383.26993825400575,8.166209056935372,2,0,0,0,0,1.2,0.1823215567939546
543.5250000000003,0.0012999999999993017,6,12,206.07,5,2,3,12,39,0.4444444444444444,131.75439999999995,1336.823764793245,21.210137267735792,5,1,0,1,1,32.0,3.4657359027997265
497.5000000000002,1.0202999999999998,5,10,176.60999999999999,3,2,3,10,36,0.4230769230769231,123.79060000000003,1257.4288931786912,19.724918869775053,5,0,0,0,0,16.0,2.772588722239781
543.5250000000003,0.0012999999999993017,6,12,206.07,5,2,3,12,39,0.4444444444444444,131.75439999999995,1336.823764793245,21.210137267735792,5,1,0,1,1,36.0,3.58351893845611
327.3800000000001,1.3014,2,5,70.0,2,1,4,5,24,0.5263157894736842,87.27060000000004,753.5469701006612,13.494636181681564,5,0,0,0,0,1.1,0.09531017980432493
315.3690000000001,1.0481999999999998,1,5,59.00000000000001,1,1,4,5,23,0.6111111111111112,83.01780000000004,710.9936499459598,13.464107045082748,5,0,0,0,0,5.5,1.7047480922384253
285.34299999999996,1.6302999999999999,1,4,49.77,0,1,4,4,21,0.5882352941176471,76.67080000000004,652.2473111288068,12.133209023808512,5,0,0,0,0,2.3,0.8329091229351039
340.42699999999996,2.8828400000000007,4,4,118.2,10,2,0,6,25,0.2631578947368421,99.75720000000001,609.4831792819194,14.125533178756726,2,0,0,0,0,25.0,3.2188758248682006
293.37000000000006,3.1285200000000017,0,4,39.82,2,3,1,4,22,0.3333333333333333,86.02450000000005,853.4260099805624,12.912661304850763,4,0,0,0,0,3.4,1.2237754316221157
316.4270000000002,0.5024999999999997,2,8,79.74,6,1,1,8,21,0.8461538461538461,82.19850000000004,397.91795537783275,13.650086790628063,2,0,0,0,0,2.2,0.7884573603642703
372.55300000000017,3.8145000000000024,2,2,58.2,1,0,4,4,27,0.8260869565217391,106.84240000000007,658.0160204304711,17.600589152374397,4,0,0,0,0,6.0,1.791759469228055
250.19999999999996,3.035600000000001,2,2,57.53,2,2,0,5,18,0.0,60.41810000000002,603.4305298596933,9.022706042619989,2,0,0,0,0,10.0,2.302585092994046
1297.302,6.743240000000005,12,17,483.7499999999999,16,8,0,35,86,0.0392156862745098,306.4798000000004,4581.580971938156,48.17367766140668,8,1,1,1,1,1200.0,7.090076835776092
645.6080000000003,-8.564500000000002,14,19,321.17,9,0,4,19,44,0.92,137.73510000000005,908.9990981130843,23.523343921170927,4,1,0,1,1,2.7,0.9932517730102834
434.50400000000025,2.4188000000000005,2,6,93.06,2,0,5,7,31,0.75,108.59860000000005,896.9990981130844,18.482370616124715,5,0,0,0,0,2.4,0.8754687373538999
430.5410000000002,2.7168000000000014,2,6,93.06,4,0,5,6,31,0.76,112.86660000000005,840.0996223722957,18.673320243867835,5,0,0,0,0,2.8,1.0296194171811581
243.39399999999992,4.331900000000004,0,1,3.24,2,1,2,1,18,0.6470588235294118,76.62900000000006,352.8845171707861,11.405032753313566,3,0,0,0,0,16.0,2.772588722239781
473.4460000000002,-0.7310999999999974,7,9,219.83999999999997,10,2,1,14,34,0.3,120.78230000000005,1101.7175867547285,17.777325112582346,3,0,0,1,0,1.3,0.26236426446749106
230.67600000000002,1.8726,1,3,58.53,0,1,1,6,14,0.125,55.369500000000016,496.8398899380028,8.854399274415833,2,0,0,0,0,48.0,3.871201010907891
151.253,1.9139,1,1,26.02,0,0,4,1,11,1.0,45.09040000000003,145.19311924156366,7.052041763877789,4,0,0,0,0,16.0,2.772588722239781
480.5720000000003,-1.2798999999999958,2,10,150.04000000000002,7,1,3,13,32,0.5263157894736842,117.14750000000001,965.4316966362481,19.33162734098012,4,0,0,0,0,1.9,0.6418538861723947
412.9460000000002,3.809000000000002,1,5,48.470000000000006,4,3,2,7,28,0.3333333333333333,115.76270000000004,1007.6943889685068,17.0223764508266,5,0,0,0,0,3.1,1.1314021114911006
408.5200000000001,2.3409000000000004,2,6,99.88,11,2,0,8,28,0.4,108.64190000000005,836.0920742491608,17.29056587116373,2,0,0,0,0,6.8,1.916922612182061
441.57500000000016,1.9828999999999997,2,6,104.81,11,2,0,10,29,0.3684210526315789,116.51300000000005,947.3387605423254,18.385174068865652,2,0,0,0,0,8.1,2.0918640616783932
408.4720000000001,2.6787,1,6,99.13000000000001,11,2,0,8,28,0.35,104.30860000000007,829.9162532480204,16.64602775712755,2,0,0,0,0,45.0,3.8066624897703196
253.28300000000002,1.3660199999999998,2,5,98.22,3,2,0,7,17,0.1,62.90290000000002,589.7427970062133,9.860804953420892,2,0,0,0,0,9.8,2.2823823856765264
490.6260000000003,3.0740000000000016,3,5,124.68,7,1,2,10,34,0.5416666666666666,128.52190000000004,1014.0141792482164,20.834155783841,3,0,0,0,0,9.95,2.2975725511705014
348.39900000000017,1.1261000000000003,3,4,106.94000000000001,8,1,1,7,25,0.5,91.15530000000005,591.7241423780713,14.220721717341211,2,0,0,0,0,39.0,3.6635616461296463
405.49500000000023,1.2352000000000007,4,5,132.95999999999998,12,1,1,8,29,0.5714285714285714,108.38670000000006,649.87570057313,16.626499111277024,2,0,0,0,0,42.0,3.7376696182833684
363.50200000000024,3.268600000000002,4,4,82.62,7,1,1,6,26,0.65,104.72690000000004,522.1518924395479,16.177559259871277,2,0,0,0,0,11.0,2.3978952727983707
280.291,1.3617599999999999,2,6,113.42999999999998,3,1,1,7,21,0.21428571428571427,77.18640000000002,650.233874941633,11.290960799598373,2,0,0,0,0,1.1,0.09531017980432493
357.4940000000002,3.342900000000002,1,4,49.769999999999996,7,1,1,4,26,0.5909090909090909,103.43680000000008,589.9206356863664,16.03898641774433,2,0,0,0,0,7.2,1.9740810260220096
277.4079999999999,3.0356000000000014,1,3,32.7,5,1,1,3,20,0.6470588235294118,82.32380000000005,392.5514164194121,12.932067514531196,2,0,0,0,0,5.0,1.6094379124341003
869.6599999999994,4.407600000000004,5,8,176.46999999999997,12,3,3,16,54,0.4473684210526316,212.9952999999995,1710.434184020126,33.226595464369474,6,1,0,0,0,2.5,0.9162907318741551
966.227,6.047500000000008,2,16,218.79999999999993,7,1,4,17,69,0.7307692307692307,255.98459999999906,1949.7358543434386,42.52972188154556,5,1,1,0,1,35.0,3.5553480614894135
424.5340000000002,2.4404000000000003,4,6,124.29,10,0,2,7,30,0.7391304347826086,111.44320000000006,632.4237512704515,18.107092901596594,2,0,0,0,0,0.78,-0.2484613592984996
401.8460000000001,3.3046000000000015,3,6,94.14,2,3,1,7,28,0.2857142857142857,107.12140000000004,1079.1240010257522,15.979366879031893,4,0,0,0,0,5.2,1.6486586255873816
178.15099999999998,-0.9162000000000003,1,4,92.78999999999999,0,2,0,6,13,0.0,44.07540000000001,452.7901181971991,6.54488871337573,2,0,0,0,0,0.78,-0.2484613592984996
371.8720000000001,2.3617,0,6,45.78,5,3,1,7,26,0.3684210526315789,104.17400000000002,912.3613484285057,15.346759308814178,4,0,0,0,0,7.3,1.9878743481543455
307.434,2.3933999999999997,2,4,50.72,11,1,1,4,22,0.6666666666666666,88.32950000000005,396.5514164194121,13.754909529060901,2,0,0,0,0,17.0,2.833213344056216
1202.634999999999,3.2690000000000046,5,12,278.8,15,0,1,23,85,0.7903225806451613,328.4446000000004,2230.5109151519714,56.065192811200475,1,1,0,0,1,7.3,1.9878743481543455
1214.6459999999988,3.7232000000000065,4,12,275.64000000000004,15,0,1,23,86,0.7777777777777778,331.99180000000047,2312.111400934619,56.81912072497783,1,1,0,0,1,10.0,2.302585092994046
255.361,3.7246200000000034,1,2,21.259999999999998,6,2,0,2,19,0.29411764705882354,79.53370000000005,484.40131399276197,11.595964544733219,2,0,0,0,0,5.2,1.6486586255873816
294.35800000000006,2.4083200000000007,1,3,53.92,2,3,1,5,22,0.29411764705882354,84.68820000000004,853.4260099805624,12.757960766471511,4,0,0,0,0,1.6,0.47000362924573563
247.33799999999994,2.2131,0,3,29.54,3,1,1,3,18,0.5333333333333333,71.48400000000005,379.75915429684903,11.185995428308555,2,0,0,0,0,7.9,2.066862759472976
247.33799999999994,2.3347000000000007,1,3,40.54,3,1,1,3,18,0.5333333333333333,71.81380000000004,419.41938027116265,11.147610464155022,2,0,0,0,0,2.3,0.8329091229351039
435.4550000000002,2.4731200000000007,2,7,107.44,1,3,3,8,32,0.375,114.46920000000001,1406.9397904369696,17.78928511359193,6,0,0,0,0,6.7,1.9021075263969205
324.39900000000006,3.812980000000003,0,3,36.26,5,2,1,4,24,0.35,90.91400000000006,742.5980451143264,14.05051896354658,3,0,0,0,0,33.0,3.4965075614664802
345.43900000000014,2.584220000000001,2,5,59.95,10,2,0,5,25,0.4,98.80050000000006,638.236612055598,15.119187745154747,2,0,0,0,0,1.9,0.6418538861723947
242.34400000000002,1.3498999999999999,2,3,58.2,4,0,1,5,16,0.7272727272727273,65.67940000000003,286.0,10.739912065068584,1,0,0,0,0,2.0,0.6931471805599453
375.87100000000015,4.425600000000004,1,3,40.540000000000006,6,2,1,5,26,0.38095238095238093,100.98730000000005,709.6385569005645,15.383082995323532,3,0,0,0,0,35.0,3.5553480614894135
278.31200000000007,0.19300000000000006,0,7,78.89,5,2,0,7,20,0.5384615384615384,74.74700000000003,740.6618955702796,11.919376647327239,2,0,0,0,0,1.2,0.1823215567939546
194.194,-1.0293,0,6,61.82,0,2,0,6,14,0.375,51.19600000000001,597.2256230854155,8.182701232117184,2,0,0,0,0,4.9,1.589235205116581
194.194,-0.17710000000000065,2,4,83.54,2,2,0,6,14,0.375,51.265400000000014,543.1573775059643,7.702487603490363,2,0,0,0,0,1.8,0.5877866649021191
254.24599999999998,-2.213099999999999,2,8,102.28,3,2,0,8,18,0.5,63.30760000000002,670.351826997636,10.068692254679823,2,0,0,0,0,1.7,0.5306282510621704
1029.2779999999996,9.029000000000005,0,14,144.9,28,4,2,16,74,0.5172413793103449,282.18279999999976,2276.125523936366,45.85181498675423,6,1,1,0,1,0.83,-0.18632957819149348
180.16699999999997,-1.0397000000000005,1,5,72.68,0,2,0,6,13,0.2857142857142857,46.57570000000001,555.7163275008262,7.235487636617226,2,0,0,0,0,7.2,1.9740810260220096
656.6620000000001,2.752900000000001,3,14,160.83,6,3,5,14,46,0.46875,155.94339999999977,1555.1204913740437,25.585143482313374,8,1,0,0,1,16.0,2.772588722239781
422.9200000000001,4.2668000000000035,2,6,92.50999999999999,8,4,0,8,30,0.2727272727272727,115.9235,1071.7860703494227,17.47151105147718,4,0,0,0,0,1.8,0.5877866649021191
670.855,3.092400000000003,5,7,166.75,12,3,2,11,49,0.5,188.21379999999954,1577.0223100576575,28.730899824447526,5,1,0,0,0,13.0,2.5649493574615367
332.31300000000005,-3.5758299999999976,8,7,198.21999999999994,6,0,1,11,23,0.5833333333333334,76.1337,476.26677866967054,12.262157918905352,1,0,0,1,0,1.7,0.5306282510621704
299.3700000000001,1.5010999999999999,1,4,41.93,1,1,4,4,22,0.5555555555555556,82.46380000000003,666.8610380666396,12.951046269004294,5,0,0,0,0,4.0,1.3862943611198906
285.343,1.1981,2,4,52.93000000000001,0,1,4,4,21,0.5294117647058824,77.57660000000003,652.2473111288068,11.99001157404039,5,0,0,0,0,2.0,0.6931471805599453
253.26900000000003,0.8334000000000001,3,7,129.62,1,3,0,7,19,0.0,73.8012,736.8282102264327,9.907656535516841,3,0,0,0,0,4.3,1.4586150226995167
386.56100000000015,4.214800000000004,0,4,32.78,8,2,1,5,27,0.5,112.52300000000007,668.0930943716638,17.21132504632862,3,0,0,0,0,14.0,2.6390573296152584
348.4280000000001,2.5299199999999997,3,5,100.19,5,2,0,8,24,0.25,92.68790000000003,801.4368843873882,14.515505491800145,2,0,0,0,0,5.1,1.62924053973028
515.1000000000001,6.476600000000006,1,5,70.5,11,3,0,8,34,0.2692307692307692,145.34379999999982,1141.6669838628463,21.498150884260163,3,1,1,0,0,2.3,0.8329091229351039
530.6660000000002,2.634500000000002,2,7,111.65,10,1,3,10,38,0.6785714285714286,140.4291999999999,940.7406722390855,22.8568290928851,4,1,0,0,0,9.4,2.2407096892759584
444.4880000000002,-0.13919999999999944,8,10,163.17999999999998,12,2,1,10,32,0.36363636363636365,119.96900000000004,878.488983580717,17.571606289178444,3,0,0,1,0,53.0,3.970291913552122
425.92000000000013,3.353200000000002,2,5,78.82,5,4,1,8,30,0.36363636363636365,119.45540000000001,1271.0627259072564,17.360580408278125,5,0,0,0,0,7.5,2.0149030205422647
1121.136,4.987000000000004,10,17,394.72999999999996,14,8,0,31,76,0.08888888888888889,273.26059999999995,3901.5485125014047,42.67622087100948,8,1,0,1,1,730.0,6.593044534142437
361.37300000000005,1.5439999999999998,1,6,75.00999999999999,2,2,2,8,26,0.4444444444444444,95.04130000000004,928.8902531557163,14.659148439902266,4,0,0,0,0,8.8,2.174751721484161
361.37300000000005,1.5439999999999998,1,6,75.00999999999999,2,2,2,8,26,0.4444444444444444,95.04130000000004,928.8902531557163,14.659148439902266,4,0,0,0,0,8.9,2.186051276738094
1164.3990000000001,10.764499999999995,3,15,227.35999999999999,25,3,4,16,85,0.43478260869565216,319.0133000000004,3003.303246090014,49.687088981719015,7,1,1,0,1,60.0,4.0943445622221
853.9180000000001,3.735700000000003,4,14,221.29,10,3,4,15,62,0.44680851063829785,217.69009999999938,2225.554743246535,35.23274851652341,7,1,0,0,1,11.0,2.3978952727983707
869.9170000000003,3.955600000000003,4,15,230.51999999999998,10,3,4,16,63,0.44680851063829785,219.41409999999937,2243.097478530402,35.64099680698727,7,1,0,0,1,31.0,3.4339872044851463
244.20700000000002,-3.0114999999999994,4,8,143.72000000000003,3,1,1,9,17,0.625,51.549300000000024,395.92573881307226,8.67098655025178,2,0,0,0,0,45.0,3.8066624897703196
338.49500000000006,4.360600000000004,1,3,36.36,6,2,1,3,25,0.5,102.39280000000005,578.1025908947438,15.435134434705049,3,0,0,0,0,8.4,2.128231705849268
508.6450000000003,0.9125700000000025,6,6,177.71,9,1,2,12,35,0.6086956521739131,132.59480000000002,1014.1180796427259,21.027821627256344,3,1,0,1,0,0.4,-0.916290731874155
114.173,1.08269,1,2,20.72,0,1,0,3,7,0.25,30.597699999999996,187.80326908731087,4.826659005270798,1,0,0,0,0,2.4,0.8754687373538999
448.39400000000006,4.859300000000005,1,4,44.81,7,2,2,7,30,0.43478260869565216,123.23670000000006,863.6022033857774,18.51388003698624,4,0,0,0,0,75.0,4.31748811353631
399.5750000000003,5.101000000000004,2,2,66.4,2,0,4,4,29,0.76,114.19050000000006,768.3502487509887,18.677559259871273,4,0,1,0,0,27.0,3.295836866004329
268.74399999999997,1.4020000000000006,1,3,41.57000000000001,4,1,1,5,18,0.46153846153846156,71.04420000000003,365.52971325833266,10.949645359333157,2,0,0,0,0,1.5,0.4054651081081644
408.40300000000013,-0.3402999999999995,2,9,128.59,0,0,6,9,29,0.85,90.62160000000004,866.9594252033659,16.630480401757808,6,0,0,0,0,3.8,1.33500106673234
424.40200000000016,-1.3694999999999982,3,10,148.82,0,0,6,10,30,0.85,92.01140000000004,897.4893231087574,16.947937485260844,6,0,0,0,0,5.2,1.6486586255873816
362.47300000000007,3.864900000000003,0,3,32.78,2,2,4,4,27,0.43478260869565216,104.57000000000005,793.7978403098892,15.58887447050899,6,0,0,0,0,52.0,3.9512437185814275
404.4910000000001,3.795500000000003,0,3,63.68,6,3,1,6,29,0.13043478260869565,113.68040000000002,895.1946288346753,16.495734803190206,4,0,0,0,0,6.2,1.824549292051046
304.32500000000005,2.9834000000000005,3,5,89.27,5,2,0,7,22,0.2,83.02080000000002,616.9866120555981,12.09734009613739,2,0,0,0,0,8.5,2.1400661634962708
804.0310000000001,4.639000000000004,3,12,178.35999999999996,7,0,4,13,57,0.7727272727272727,212.59239999999923,1429.055700467309,35.39308145863372,4,1,0,0,1,26.0,3.258096538021482
266.30400000000003,2.6512200000000004,1,4,58.120000000000005,1,2,2,5,20,0.26666666666666666,76.32520000000002,688.9345403537219,11.12820425447459,4,0,0,0,0,53.0,3.970291913552122
451.4830000000003,1.7177999999999993,1,9,112.27000000000001,4,3,2,10,33,0.34782608695652173,122.20040000000006,1156.1170218034076,18.484431893768896,5,0,0,0,0,10.0,2.302585092994046
138.059,-0.09110000000000007,2,2,70.06,1,0,1,5,8,1.0,26.37909999999999,126.97373660251154,5.207265096806768,1,0,0,0,0,1.9,0.6418538861723947
414.4830000000001,2.4838000000000005,2,5,95.94000000000001,5,2,2,8,29,0.38095238095238093,110.09900000000003,986.26543852222,17.15542442814014,4,0,0,0,0,0.7,-0.35667494393873245
302.23800000000006,1.988,5,7,131.36,1,3,0,7,22,0.0,76.244,936.3900305619777,10.939315904375647,3,0,0,0,0,0.6,-0.5108256237659907
261.394,2.7113000000000005,0,4,19.37,6,2,0,4,18,0.35714285714285715,78.16000000000005,422.3265744762263,11.72915788577849,2,0,0,0,0,1.6,0.47000362924573563
357.4500000000003,1.7072999999999998,3,5,73.16,2,1,5,5,26,0.7142857142857143,95.41440000000004,755.5469701006613,15.025165318280383,6,0,0,0,0,3.7,1.308332819650179
307.39700000000005,3.2488400000000013,0,3,37.61000000000001,3,3,0,4,23,0.2631578947368421,92.50000000000003,841.6257374499546,13.998447742477667,3,0,0,0,0,1.7,0.5306282510621704
248.30700000000002,1.6838000000000002,2,4,86.18,2,2,0,5,17,0.0,67.16060000000002,542.5928158904169,9.814744144215576,2,0,0,0,0,22.0,3.091042453358316
705.6470000000002,5.5773000000000055,0,12,104.70000000000002,11,5,2,14,49,0.37142857142857144,188.17599999999942,1845.7238146259438,28.872947320436875,7,1,1,0,1,25.0,3.2188758248682006
287.21599999999995,-0.051200000000000134,3,7,136.38000000000002,5,2,0,10,19,0.4444444444444444,67.19350000000001,591.5258778134938,11.065033579558948,2,0,0,0,0,5.8,1.7578579175523736
253.26199999999994,-0.895,4,8,130.31,5,2,0,8,18,0.5,63.67880000000002,512.0629865469082,9.690973100814775,2,0,0,0,0,2.1,0.7419373447293773
273.1889999999999,-0.4397000000000001,3,7,136.38000000000002,5,2,0,10,18,0.375,62.59850000000002,562.7358775094801,10.194790091555868,2,0,0,0,0,1.6,0.47000362924573563
255.23399999999995,-1.5586000000000002,4,9,139.54000000000002,5,2,0,9,18,0.4444444444444444,60.44480000000002,512.0629865469082,9.39211461009209,2,0,0,0,0,3.7,1.308332819650179
225.20799999999994,-0.9195,3,8,119.31000000000002,4,2,0,8,16,0.375,54.43800000000002,473.98912178086283,8.367550745402506,2,0,0,0,0,2.5,0.9162907318741551
269.35200000000003,1.9118000000000002,1,4,49.74,5,3,0,5,20,0.3333333333333333,79.68070000000003,665.2066434364502,11.874276340697232,3,0,0,0,0,2.2,0.7884573603642703
427.4600000000002,0.09859999999999991,3,8,148.26000000000002,7,1,2,12,28,0.375,99.19490000000002,810.2295902681417,16.301478366074047,3,0,0,0,0,0.81,-0.21072103131565253
396.4460000000001,0.5923000000000007,2,7,113.00999999999999,6,1,2,10,26,0.375,94.34050000000003,749.9687889198382,15.393230075610186,3,0,0,0,0,0.95,-0.05129329438755058
370.9240000000001,4.788500000000004,0,2,23.55,5,2,1,4,26,0.4090909090909091,108.81500000000005,684.5779864213871,16.322955767510088,3,0,0,0,0,6.5,1.8718021769015913
237.29899999999992,1.4525,1,4,39.72,5,1,1,4,17,0.5384615384615384,65.71570000000004,320.56512465051026,10.147030123272458,2,0,0,0,0,4.1,1.410986973710262
152.182,0.6416,2,4,54.46,0,2,0,5,10,0.0,38.935700000000004,341.5657969317911,5.837982111379,2,0,0,0,0,1.0,0.0
233.31099999999995,2.0852999999999997,1,3,38.33,3,1,1,3,17,0.5,66.84070000000004,343.5608766972155,10.1863755900013,2,0,0,0,0,4.8,1.5686159179138452
254.285,3.1057000000000015,1,2,54.37,4,2,0,3,19,0.125,72.36730000000003,590.4451923661837,10.537212868323945,2,0,0,0,0,2.1,0.7419373447293773
334.169,2.889400000000001,2,3,80.39000000000001,4,2,0,5,20,0.06666666666666667,79.76870000000002,642.2385700306403,12.053580123255172,2,0,0,0,0,2.6,0.9555114450274363
273.24399999999997,2.545420000000002,2,5,100.67,3,2,0,6,20,0.07142857142857142,71.03750000000001,669.9296528515582,10.53048727302922,2,0,0,0,0,1.1,0.09531017980432493
381.4510000000002,4.181000000000004,1,5,58.36,6,3,1,6,28,0.36363636363636365,106.07330000000005,929.8336930708572,15.720967036485392,4,0,0,0,0,5.8,1.7578579175523736
335.8790000000001,3.783000000000002,2,4,48.39,9,2,0,5,23,0.5,98.27150000000005,596.0098416777057,14.6822765077846,2,0,0,0,0,850.0,6.745236349484363
259.35299999999995,2.782700000000001,2,4,60.17,6,2,0,4,19,0.4,79.66810000000002,524.5493904512042,11.518234113850847,2,0,0,0,0,7.1,1.9600947840472698
319.88000000000005,4.810600000000004,1,3,28.16,8,2,0,4,22,0.5,96.85970000000006,577.6080462065916,14.527956131098094,2,0,0,0,0,570.0,6.345636360828596
325.4339999999999,1.4062000000000001,1,4,73.21000000000001,3,0,3,7,22,0.8,86.04880000000004,470.26677866967066,13.88213759819694,3,0,0,0,0,1.1,0.09531017980432493
326.30100000000004,-0.7438,2,8,119.36,0,0,4,8,23,0.8,70.36360000000003,628.9139762661247,12.99018130372507,4,0,0,0,0,3.2,1.1631508098056809
1022.2389999999991,2.323500000000009,4,14,231.20000000000002,10,3,6,20,73,0.5283018867924528,272.04839999999956,2456.715652401447,42.923568731662925,9,1,0,0,1,0.87,-0.13926206733350766
388.8150000000001,1.5679999999999998,0,7,91.75999999999999,2,2,2,10,27,0.35294117647058826,96.38050000000004,830.596961751324,15.334448603302969,4,0,0,0,0,5.2,1.6486586255873816
454.44700000000023,0.2684000000000012,5,10,210.53999999999996,9,3,0,13,33,0.25,118.26160000000004,1156.61262393978,17.595362536967947,3,0,0,0,0,3.9,1.3609765531356006
368.19800000000015,0.2814999999999999,3,5,123.32999999999998,4,2,0,11,22,0.2727272727272727,84.485,908.8902531557163,13.511515893865042,2,0,0,0,0,1.4,0.3364722366212129
261.08899999999994,1.884,1,2,41.57,5,0,1,7,14,1.0,59.19120000000003,188.21499122004104,10.322885269288756,1,0,0,0,0,6.6,1.8870696490323797
261.089,1.884,1,2,41.57000000000001,5,0,1,7,14,1.0,59.19120000000003,174.21499122004107,10.322885269288754,1,0,0,0,0,8.0,2.0794415416798357
315.3770000000001,1.3466999999999996,2,5,83.14,6,2,1,7,23,0.4375,87.56590000000004,685.1262645084536,13.21017913130539,3,0,0,0,0,2.8,1.0296194171811581
426.5600000000003,3.957500000000003,1,3,55.56,7,3,2,4,32,0.32142857142857145,126.75040000000006,1020.2071549332638,18.373711682577905,5,0,0,0,0,3.6,1.2809338454620642
459.5580000000002,4.8807000000000045,3,5,99.88000000000001,11,2,0,7,33,0.46153846153846156,126.43940000000005,936.9938710828803,19.878138471392695,2,0,0,0,0,1.8,0.5877866649021191
540.7080000000002,1.4296000000000009,4,8,142.70000000000002,2,0,2,12,36,0.625,140.53779999999995,854.4692002076929,22.92355903301918,2,1,0,0,0,11.0,2.3978952727983707
446.9100000000004,4.275600000000003,1,7,68.74000000000001,8,3,1,9,31,0.36363636363636365,118.15370000000003,1003.9672010900473,17.99209263337196,4,0,0,0,0,34.0,3.5263605246161616
337.38200000000006,1.6425,2,6,99.6,2,2,1,9,22,0.07692307692307693,81.68330000000003,836.4530891985681,12.979977015812398,3,0,0,0,0,67.0,4.204692619390966
258.23299999999995,0.08779999999999993,1,4,83.55000000000001,1,1,2,6,19,0.23076923076923078,63.113700000000016,565.2192548759078,9.881171665676636,3,0,0,0,0,4.7,1.547562508716013
581.5800000000004,-8.16110000000001,12,15,336.43000000000006,9,0,3,19,40,0.8571428571428571,132.9189,881.7143855964827,21.742925707608375,3,1,0,1,1,4.3,1.4586150226995167
534.4320000000001,4.952100000000003,2,5,83.24000000000001,6,3,1,14,37,0.391304347826087,114.44540000000003,1182.2732066319272,19.159746408912003,4,1,0,0,0,13.0,2.5649493574615367
482.54000000000025,3.844900000000002,3,7,89.68,2,5,3,8,36,0.32142857142857145,136.9037,1749.708688770841,20.20169566935352,8,0,0,0,0,790.0,6.672032945461067
364.42300000000006,3.036500000000001,3,5,118.71999999999998,8,2,0,8,25,0.23529411764705882,94.68820000000004,817.8420742491606,14.545074125823652,2,0,0,0,0,1.2,0.1823215567939546
822.9530000000003,4.335420000000004,6,15,220.14999999999995,4,2,4,16,59,0.5348837209302325,220.47919999999948,2009.9010643882882,35.346777690647656,6,1,0,1,1,3.8,1.33500106673234
440.6060000000003,2.9505,3,5,104.73,14,1,1,8,30,0.6818181818181818,118.34000000000009,694.9101350490837,18.754334618123327,2,0,0,0,0,1.6,0.47000362924573563
285.43100000000004,3.8826000000000027,1,2,23.47,2,1,2,2,21,0.5789473684210527,87.73580000000005,561.4010844485958,13.686955930883864,3,0,0,0,0,2.5,0.9162907318741551
334.37500000000006,-0.019299999999999984,3,7,130.16,6,0,2,10,21,0.5454545454545454,76.05100000000002,486.1676999572451,12.647738330270105,2,0,0,0,0,0.8,-0.2231435513142097
269.30800000000005,0.38260000000000005,2,4,87.37,1,2,1,6,20,0.21428571428571427,73.22460000000001,670.6845403537217,10.912661304850763,3,0,0,0,0,5.6,1.7227665977411035
277.41100000000006,4.211400000000004,1,1,12.03,4,2,3,1,21,0.4,87.90170000000006,605.0928158904169,12.731686328639373,5,0,0,0,0,51.0,3.9318256327243257
331.29699999999997,0.014100000000000557,3,5,118.35999999999999,1,1,1,12,20,0.25,61.6284,727.9634287212139,11.155533912421737,2,0,0,0,0,5.2,1.6486586255873816
410.4700000000002,2.0885999999999996,3,4,106.94000000000001,8,2,1,7,30,0.34782608695652173,110.90430000000006,885.2641468394086,16.823016012913165,3,0,0,0,0,2.3,0.8329091229351039
335.4730000000001,2.0687999999999995,2,3,65.2,5,2,1,6,23,0.5294117647058824,94.32120000000005,746.4322608471226,14.61784708088669,3,0,0,0,0,6.6,1.8870696490323797
514.6290000000004,7.2644200000000065,1,5,72.94,7,6,0,6,39,0.18181818181818182,156.1122999999997,1814.4756868175136,22.34854038017806,6,1,1,0,0,20.0,2.995732273553991
1140.2540000000004,-0.927099999999986,14,17,377.41999999999996,14,4,3,24,82,0.46551724137931033,293.3851999999998,2783.2864701669228,45.74004846858118,7,1,0,1,1,40.0,3.6888794541139363
1035.2379999999998,7.709800000000011,0,16,163.35999999999999,27,4,2,18,74,0.5357142857142857,276.9127999999996,2292.395301517998,45.94469692855036,6,1,1,0,1,1.7,0.5306282510621704
162.236,1.8483,0,2,16.130000000000003,1,1,1,2,12,0.5,48.842000000000034,237.4750399341736,7.4024988805076894,2,0,0,0,0,2.0,0.6931471805599453
199.16199999999998,-1.0956,2,4,87.07000000000001,2,0,2,6,14,0.5,42.92860000000002,306.0,7.212650027833437,2,0,0,0,0,0.9,-0.10536051565782628
188.23000000000002,1.4844199999999999,0,3,26.93,1,2,0,3,14,0.18181818181818182,55.74700000000003,480.5020166051619,8.266777096601537,2,0,0,0,0,12.0,2.4849066497880004
365.8420000000001,2.714120000000001,2,4,92.5,2,2,1,8,24,0.1875,93.89840000000002,907.0496515123383,14.649398910827827,3,0,0,0,0,20.0,2.995732273553991
244.294,2.669100000000001,0,4,44.12,4,2,0,4,18,0.2857142857142857,68.43850000000003,501.84439732913125,10.536832706631198,2,0,0,0,0,3.5,1.252762968495368
517.5640000000003,-0.24029999999999596,3,7,156.43,6,1,3,13,36,0.4782608695652174,127.34020000000002,1076.294886515193,20.78056176244088,4,1,0,0,0,0.96,-0.040821994520255166
359.706,4.532600000000002,1,2,38.33,2,2,1,8,24,0.1875,79.96570000000001,801.2734027990718,12.926349507130071,3,0,0,0,0,37.0,3.6109179126442243
328.4120000000001,2.1353999999999997,4,4,95.57999999999998,8,2,0,5,24,0.3157894736842105,93.81220000000003,650.9934575328039,13.77484878610931,2,0,0,0,0,4.4,1.4816045409242156
328.4120000000001,2.1353999999999997,4,4,95.57999999999998,8,2,0,5,24,0.3157894736842105,93.81220000000003,650.9934575328039,13.77484878610931,2,0,0,0,0,3.3,1.1939224684724346
330.749,1.8907,3,5,122.63000000000001,5,2,0,9,21,0.08333333333333333,75.81920000000002,735.5860405103489,12.110053444098986,2,0,0,0,0,2.5,0.9162907318741551
229.261,-0.5941000000000001,2,7,90.36999999999999,2,1,1,7,15,0.5,56.36320000000001,383.26993825400575,8.683847147140414,2,0,0,0,0,9.1,2.2082744135228043
287.4470000000001,3.940400000000003,1,2,23.47,5,1,2,2,21,0.6842105263157895,87.20480000000006,408.9242677733261,13.136703399189697,3,0,0,0,0,12.0,2.4849066497880004
339.3920000000002,-0.23669999999999924,4,6,103.29,8,1,1,8,24,0.5625,88.26900000000003,461.31660705256905,13.609991253331977,2,0,0,0,0,7.7,2.0412203288596382
217.28999999999996,0.6279000000000001,2,3,57.61,3,0,1,5,14,0.7777777777777778,55.38780000000003,224.19280948873617,9.03569222155296,1,0,0,0,0,2.0,0.6931471805599453
287.36299999999994,1.9229,2,3,57.36,5,2,1,5,21,0.4375,82.53240000000004,626.5257709405619,12.478888647122005,3,0,0,0,0,3.6,1.2809338454620642
440.54000000000025,4.1155000000000035,2,5,101.66,11,2,2,7,32,0.56,118.59000000000007,909.6244590644736,18.587533806240927,4,0,0,0,0,22.0,3.091042453358316
369.4250000000001,2.740520000000001,3,8,117.54,6,3,0,8,27,0.2631578947368421,106.52450000000002,934.4196335436584,15.79038045871581,3,0,0,0,0,17.0,2.833213344056216
416.3590000000001,1.8944999999999996,2,6,101.44999999999999,3,3,2,10,30,0.25,101.34170000000003,1237.2489476951566,15.34961036703497,5,0,0,0,0,11.0,2.3978952727983707
613.8030000000003,2.8669000000000016,4,7,118.03000000000002,11,3,2,9,45,0.4722222222222222,174.06699999999952,1372.2955415370734,26.601723653333167,5,1,0,0,0,1.0,0.0
300.3620000000001,2.0642199999999997,0,4,56.220000000000006,2,1,2,6,22,0.4375,84.69100000000005,656.615925568803,13.328965602059158,3,0,0,0,0,17.0,2.833213344056216
317.385,2.2578000000000005,0,5,55.84,4,1,2,5,23,0.5555555555555556,84.95850000000006,552.6608594529228,13.604786304808236,3,0,0,0,0,1.5,0.4054651081081644
303.35800000000006,1.8677,0,5,55.84,3,1,2,5,22,0.5294117647058824,80.34150000000005,538.4165549460382,12.897679523621688,3,0,0,0,0,0.76,-0.2744368457017603
478.57700000000017,1.4108200000000002,3,9,132.71999999999997,7,2,2,12,31,0.3157894736842105,116.4563,1009.3175657949188,18.66806317895625,4,0,0,0,0,1.0,0.0
461.4670000000001,-0.8853999999999989,5,9,149.15,3,1,5,10,33,0.6086956521739131,110.76000000000005,995.5358391283211,17.94314857787998,6,0,0,0,0,1.4,0.3364722366212129
447.53300000000024,-3.851499999999994,8,12,213.72,6,0,3,12,31,0.8947368421052632,110.14170000000004,597.1595681836991,17.963315110945906,3,0,0,1,1,2.4,0.8754687373538999
475.58700000000016,-3.200699999999992,8,12,199.72999999999996,8,0,3,12,33,0.9047619047619048,119.63100000000004,625.9495684877127,19.59307162294283,3,0,0,1,1,3.2,1.1631508098056809
341.4510000000001,3.2414000000000023,2,4,58.559999999999995,11,2,0,4,25,0.38095238095238093,100.19800000000004,623.4963870599252,14.779853555443232,2,0,0,0,0,2.1,0.7419373447293773
369.5050000000001,4.020000000000003,2,4,58.559999999999995,11,2,0,4,27,0.43478260869565216,109.41000000000004,692.9880667840829,16.572746774256686,2,0,0,0,0,1.5,0.4054651081081644
1093.3310000000001,-3.31190000000001,16,18,412.03,23,1,3,25,77,0.75,280.1883999999996,1980.0526218956697,44.966608752962756,4,1,0,1,1,27.0,3.295836866004329
306.276,0.7357999999999993,1,7,81.64999999999999,5,3,0,9,22,0.23076923076923078,70.29880000000001,675.2563031266316,11.342089561218637,3,0,0,0,0,30.0,3.4011973816621555
386.25500000000005,0.8527999999999999,2,8,128.18,7,3,0,13,26,0.23076923076923078,81.20910000000002,830.0334694763575,13.947440524146199,3,0,0,0,0,2.1,0.7419373447293773
378.5160000000001,3.173300000000001,0,3,32.78,6,2,2,4,28,0.4583333333333333,111.28400000000006,711.6400243053475,16.71863098250591,4,0,0,0,0,4.1,1.410986973710262
158.15699999999995,-1.9350999999999996,2,3,83.63,2,0,1,5,11,0.6666666666666666,36.3982,176.47733175670794,5.986944653866535,1,0,0,0,0,7.5,2.0149030205422647
327.46800000000013,3.3656000000000015,2,3,43.7,2,1,4,3,24,0.7142857142857143,94.22560000000006,639.4384376549343,14.506566725500031,5,0,0,0,0,4.8,1.5686159179138452
341.4070000000001,1.5253999999999999,2,5,70.0,2,1,5,5,25,0.65,89.79760000000005,781.473203725541,14.201742962868114,6,0,0,0,0,1.9,0.6418538861723947
296.153,4.364100000000001,2,2,49.33,4,2,0,5,19,0.07142857142857142,77.52650000000003,570.4873475976801,11.371807389533116,2,0,0,0,0,1.4,0.3364722366212129
314.411,1.4589999999999999,2,7,83.58,10,1,0,8,21,0.5384615384615384,84.40080000000003,442.358296621747,13.404394866098164,1,0,0,0,0,2.1,0.7419373447293773
383.40800000000024,1.7845999999999997,1,8,106.95,4,3,1,9,28,0.3157894736842105,103.87890000000003,962.9409996421332,15.714376283739233,4,0,0,0,0,2.0,0.6931471805599453
520.4800000000004,-1.127699999999999,4,12,206.29999999999998,9,2,2,16,36,0.35,117.13610000000001,1206.9845077964835,19.63025855568528,4,1,0,0,1,2.9,1.0647107369924282
588.5620000000004,1.3385999999999993,3,13,160.83,5,2,5,13,42,0.5517241379310345,138.34539999999996,1315.0423938928654,23.12834780335291,7,1,0,0,1,5.7,1.7404661748405046
587.5780000000003,1.304999999999999,3,13,166.62,5,2,5,13,42,0.5517241379310345,140.31399999999994,1315.0423938928654,23.25848447704258,7,1,0,0,1,14.0,2.6390573296152584
428.5400000000001,4.777400000000004,1,5,87.13000000000001,7,3,2,7,32,0.4,123.75870000000002,1085.204785005458,18.419972670973042,5,0,0,0,0,14.0,2.6390573296152584
529.7860000000004,4.407500000000003,1,5,59.00000000000001,5,0,6,6,38,0.90625,148.31419999999983,868.4692002076928,24.2833533607694,6,1,0,0,0,1.6,0.47000362924573563
847.0190000000003,4.615720000000003,5,14,205.54999999999995,4,1,5,15,61,0.5869565217391305,226.7647999999994,2050.533253453386,37.12049197579818,6,1,0,0,1,37.0,3.6109179126442243
327.4240000000001,2.7977000000000007,3,4,63.93000000000001,4,2,1,4,24,0.4,93.67440000000005,629.4983450349673,13.968134467831911,3,0,0,0,0,3.7,1.308332819650179
479.5330000000002,3.677800000000002,1,8,111.00999999999999,9,2,1,9,35,0.3076923076923077,130.1241,1135.5706013968397,20.238739969239,3,0,0,0,0,4.1,1.410986973710262
1069.2379999999998,-4.13203000000001,14,15,435.40999999999985,19,2,2,28,74,0.4782608695652174,271.40369999999956,2259.34611576746,41.988255230476284,4,1,0,1,1,3.0,1.0986122886681098
333.36300000000006,1.6105000000000003,1,5,65.78,3,2,1,7,24,0.4117647058823529,90.50930000000004,823.2176249705382,13.750900149438403,3,0,0,0,0,11.0,2.3978952727983707
369.3430000000002,1.6991999999999998,1,5,65.78,4,2,1,9,26,0.4117647058823529,90.76830000000005,882.6198686134438,14.136585607453778,3,0,0,0,0,8.6,2.151762203259462
344.41100000000006,1.5022199999999999,3,5,93.81,10,2,0,6,25,0.3157894736842105,96.00540000000004,647.9934575328037,14.273888283534,2,0,0,0,0,2.5,0.9162907318741551
414.52700000000016,3.368500000000002,0,6,59.080000000000005,6,2,1,7,29,0.36363636363636365,114.49500000000005,836.596961751324,17.939881478516316,3,0,0,0,0,5.6,1.7227665977411035
339.47900000000016,4.275500000000004,0,3,29.54,8,2,0,3,25,0.4090909090909091,102.36700000000008,638.2532325371307,15.735883481073216,2,0,0,0,0,18.0,2.8903717578961645
394.47900000000016,1.1981,3,8,95.31,9,3,1,8,29,0.38095238095238093,113.39570000000003,1011.9395014663436,16.77370830103107,4,0,0,0,0,45.0,3.8066624897703196
395.43400000000014,2.423800000000001,1,5,75.17,5,3,1,7,29,0.3181818181818182,108.72320000000005,1109.1523213563555,15.935929645226654,4,0,0,0,0,12.0,2.4849066497880004
181.21499999999997,0.5714999999999999,0,2,33.42,1,1,0,4,13,0.3333333333333333,47.32900000000003,294.6615494596119,8.020324848686148,1,0,0,0,0,1.5,0.4054651081081644
778.9469999999999,4.753600000000004,2,11,133.87,7,3,6,12,57,0.5333333333333333,214.07749999999936,2194.6286281380094,34.01610694539093,9,1,0,0,1,18.0,2.8903717578961645
778.9469999999999,4.753600000000004,2,11,133.87,7,3,6,12,57,0.5333333333333333,214.07749999999936,2194.6286281380094,34.01610694539093,9,1,0,0,1,26.0,3.258096538021482
130.078,-0.7977000000000001,2,2,65.72,0,1,0,5,9,0.0,27.641399999999994,296.3046159437919,4.271811323126579,1,0,0,0,0,0.12,-2.120263536200091
471.54600000000016,-0.7283199999999983,2,12,163.32999999999998,9,1,2,15,30,0.5333333333333333,108.09650000000002,892.7129714381233,18.343500338465745,3,0,0,0,1,1.5,0.4054651081081644
489.6260000000002,4.165280000000002,1,6,93.08999999999999,6,4,1,9,34,0.2,131.7765,1354.2616017133591,19.96617159911169,5,0,0,0,0,1.6,0.47000362924573563
572.8750000000001,6.110500000000007,0,4,52.6,4,0,6,6,41,0.9428571428571428,160.71579999999972,971.9973582119826,27.167037786543677,6,1,1,0,0,1.9,0.6418538861723947
314.46900000000005,5.735800000000006,1,2,29.46,4,1,2,2,23,0.6190476190476191,95.26480000000006,602.7094798715808,14.984853919031238,3,0,1,0,0,33.0,3.4965075614664802
129.094,-0.5088000000000001,2,3,71.77000000000001,0,1,0,5,9,0.0,29.228100000000005,252.98597477455388,4.388126897352299,1,0,0,0,0,4.2,1.4350845252893227
279.18899999999996,-1.6618000000000002,4,7,147.89999999999998,6,1,0,10,18,0.5,61.77930000000002,467.0568320482422,10.233175055709399,1,0,0,0,0,2.6,0.9555114450274363
171.23999999999992,1.3702999999999994,2,2,63.32000000000001,3,0,1,3,12,0.8888888888888888,46.82520000000003,149.42124551085624,7.382559623459281,1,0,0,0,0,5.3,1.667706820558076
157.21299999999997,0.8361000000000001,2,2,63.32000000000001,2,0,1,3,11,0.875,42.13820000000001,126.97373660251156,6.623046599465436,1,0,0,0,0,2.3,0.8329091229351039
320.324,0.6633000000000002,2,6,87.46000000000001,3,2,1,8,23,0.4,83.67700000000002,794.8786094157111,12.673549880248776,3,0,0,0,0,5.1,1.62924053973028
337.35100000000006,1.1235999999999997,1,5,71.11,4,1,2,8,24,0.5,85.73070000000004,600.4643673737444,13.457426589742386,3,0,0,0,0,4.5,1.5040773967762742
393.69700000000006,4.404120000000002,0,5,43.07,1,3,1,7,22,0.13333333333333333,92.468,880.656628500824,14.705311811677714,4,0,0,0,0,4.8,1.5686159179138452
407.31800000000015,2.0164999999999997,1,5,77.04,4,2,1,12,28,0.4375,83.05340000000001,852.893963048329,14.3098244932103,3,0,0,0,0,12.0,2.4849066497880004
226.276,1.1849999999999998,2,3,75.27000000000001,4,0,1,5,16,0.7272727272727273,58.47740000000003,286.0,9.923415484140858,1,0,0,0,0,22.0,3.091042453358316
262.30899999999997,1.3066,1,3,66.48,3,0,1,5,19,0.5,70.78670000000002,466.0021161631803,11.447979348830442,1,0,0,0,0,1.6,0.47000362924573563
266.388,3.5328000000000026,1,2,15.27,4,2,1,2,20,0.3333333333333333,85.84170000000005,520.2559230541013,12.101549654949705,3,0,0,0,0,22.0,3.091042453358316
296.41400000000004,3.8876000000000026,0,2,26.299999999999997,4,2,1,3,22,0.3684210526315789,92.25740000000006,582.9817245534347,13.457011540913527,3,0,0,0,0,1.8,0.5877866649021191
294.442,4.121000000000003,0,2,6.48,4,2,1,2,22,0.4,95.01600000000006,575.9403664520747,13.919006738452742,3,0,0,0,0,23.0,3.1354942159291497
314.86,4.528400000000004,0,2,6.48,4,2,1,3,22,0.3684210526315789,95.47900000000006,636.236612055598,14.10530640028772,3,0,0,0,0,26.0,3.258096538021482
280.415,3.8750000000000027,0,2,6.48,4,2,1,2,21,0.3684210526315789,90.46900000000007,546.9922350998436,13.048763250449664,3,0,0,0,0,16.0,2.772588722239781
296.414,3.5806000000000022,1,3,26.71,4,2,1,3,22,0.3684210526315789,92.13380000000006,636.236612055598,13.418626576759996,3,0,0,0,0,10.0,2.302585092994046
213.19299999999998,-1.3107000000000002,2,7,99.60000000000001,2,1,1,7,15,0.5,49.85720000000001,383.26993825400575,7.8673505662126875,2,0,0,0,0,82.0,4.406719247264253
357.435,2.490900000000001,1,6,71.53,7,2,1,7,25,0.2777777777777778,98.06570000000002,705.4633471509217,14.661389700049373,3,0,0,0,0,3.9,1.3609765531356006
170.237,1.38499,2,2,48.65,2,1,0,4,11,0.42857142857142855,46.2424,294.13181389737264,7.124556993418173,1,0,0,0,0,1.3,0.26236426446749106
